Archiving D:\Devs\C++\OpenVegas\SAMPLES\veg_project\project_transitions_othersmores.veg
	to D:\Devs\C++\OpenVegas\SAMPLES\veg_project\final-cut-pro-x\project_transitions_othersmores.fcpxml
Copied D:\Devs\C++\OpenVegas\SAMPLES\veg_project\big-buck-bunny_video-60fps-4k.mp4
	to D:\Devs\C++\OpenVegas\SAMPLES\veg_project\final-cut-pro-x\big-buck-bunny_video-60fps-4k-10.mp4
Copied D:\Devs\C++\OpenVegas\SAMPLES\veg_project\big-buck-bunny_video-60fps-4k.mp4.sfl
	to D:\Devs\C++\OpenVegas\SAMPLES\veg_project\final-cut-pro-x\big-buck-bunny_video-60fps-4k-10.mp4.sfl
Deinterlace method ignored.
Motion blur type ignored.
Effects for track 2 ignored.
Loop switch for event at 00:00:00,00 in track 2 ignored.
Event group for event at 00:00:00,00 in track 2 ignored.
Loop switch for event at 00:00:01,20 in track 2 ignored.
Event group for event at 00:00:01,20 in track 2 ignored.
Loop switch for event at 00:00:05,31 in track 2 ignored.
Event group for event at 00:00:05,31 in track 2 ignored.
Loop switch for event at 00:00:08,33 in track 2 ignored.
Event group for event at 00:00:08,33 in track 2 ignored.
Loop switch for event at 00:00:11,15 in track 2 ignored.
Event group for event at 00:00:11,15 in track 2 ignored.
Loop switch for event at 00:00:14,07 in track 2 ignored.
Event group for event at 00:00:14,07 in track 2 ignored.
Loop switch for event at 00:00:16,32 in track 2 ignored.
Event group for event at 00:00:16,32 in track 2 ignored.
Loop switch for event at 00:00:18,44 in track 2 ignored.
Event group for event at 00:00:18,44 in track 2 ignored.
Loop switch for event at 00:00:21,04 in track 2 ignored.
Event group for event at 00:00:21,04 in track 2 ignored.
Loop switch for event at 00:00:23,29 in track 2 ignored.
Event group for event at 00:00:23,29 in track 2 ignored.
Loop switch for event at 00:00:25,41 in track 2 ignored.
Event group for event at 00:00:25,41 in track 2 ignored.
Loop switch for event at 00:00:28,12 in track 2 ignored.
Event group for event at 00:00:28,12 in track 2 ignored.
Loop switch for event at 00:00:30,28 in track 2 ignored.
Event group for event at 00:00:30,28 in track 2 ignored.
Loop switch for event at 00:00:33,01 in track 2 ignored.
Event group for event at 00:00:33,01 in track 2 ignored.
Loop switch for event at 00:00:35,27 in track 2 ignored.
Event group for event at 00:00:35,27 in track 2 ignored.
Loop switch for event at 00:00:37,48 in track 2 ignored.
Event group for event at 00:00:37,48 in track 2 ignored.
Loop switch for event at 00:00:39,53 in track 2 ignored.
Event group for event at 00:00:39,53 in track 2 ignored.
Loop switch for event at 00:00:42,14 in track 2 ignored.
Event group for event at 00:00:42,14 in track 2 ignored.
Loop switch for event at 00:00:44,29 in track 2 ignored.
Event group for event at 00:00:44,29 in track 2 ignored.
Loop switch for event at 00:00:46,45 in track 2 ignored.
Event group for event at 00:00:46,45 in track 2 ignored.
Loop switch for event at 00:00:49,02 in track 2 ignored.
Event group for event at 00:00:49,02 in track 2 ignored.
Loop switch for event at 00:00:51,18 in track 2 ignored.
Event group for event at 00:00:51,18 in track 2 ignored.
Loop switch for event at 00:00:53,41 in track 2 ignored.
Event group for event at 00:00:53,41 in track 2 ignored.
Loop switch for event at 00:00:56,17 in track 2 ignored.
Event group for event at 00:00:56,17 in track 2 ignored.
Loop switch for event at 00:00:58,40 in track 2 ignored.
Event group for event at 00:00:58,40 in track 2 ignored.
Loop switch for event at 00:01:01,12 in track 2 ignored.
Event group for event at 00:01:01,12 in track 2 ignored.
Loop switch for event at 00:01:03,45 in track 2 ignored.
Event group for event at 00:01:03,45 in track 2 ignored.
Loop switch for event at 00:01:06,22 in track 2 ignored.
Event group for event at 00:01:06,22 in track 2 ignored.
Loop switch for event at 00:01:08,55 in track 2 ignored.
Event group for event at 00:01:08,55 in track 2 ignored.
Loop switch for event at 00:01:11,40 in track 2 ignored.
Event group for event at 00:01:11,40 in track 2 ignored.
Loop switch for event at 00:01:14,17 in track 2 ignored.
Event group for event at 00:01:14,17 in track 2 ignored.
Loop switch for event at 00:01:17,22 in track 2 ignored.
Event group for event at 00:01:17,22 in track 2 ignored.
Loop switch for event at 00:01:19,57 in track 2 ignored.
Event group for event at 00:01:19,57 in track 2 ignored.
Loop switch for event at 00:01:22,49 in track 2 ignored.
Event group for event at 00:01:22,49 in track 2 ignored.
Loop switch for event at 00:01:25,31 in track 2 ignored.
Event group for event at 00:01:25,31 in track 2 ignored.
Loop switch for event at 00:01:28,42 in track 2 ignored.
Event group for event at 00:01:28,42 in track 2 ignored.
Loop switch for event at 00:01:32,06 in track 2 ignored.
Event group for event at 00:01:32,06 in track 2 ignored.
Loop switch for event at 00:01:35,52 in track 2 ignored.
Event group for event at 00:01:35,52 in track 2 ignored.
Loop switch for event at 00:01:39,21 in track 2 ignored.
Event group for event at 00:01:39,21 in track 2 ignored.
Loop switch for event at 00:01:43,24 in track 2 ignored.
Event group for event at 00:01:43,24 in track 2 ignored.
Loop switch for event at 00:01:46,33 in track 2 ignored.
Event group for event at 00:01:46,33 in track 2 ignored.
Loop switch for event at 00:01:49,55 in track 2 ignored.
Event group for event at 00:01:49,55 in track 2 ignored.
Loop switch for event at 00:01:52,56 in track 2 ignored.
Event group for event at 00:01:52,56 in track 2 ignored.
Loop switch for event at 00:01:55,15 in track 2 ignored.
Event group for event at 00:01:55,15 in track 2 ignored.
Loop switch for event at 00:01:57,12 in track 2 ignored.
Event group for event at 00:01:57,12 in track 2 ignored.
Loop switch for event at 00:01:58,57 in track 2 ignored.
Event group for event at 00:01:58,57 in track 2 ignored.
Loop switch for event at 00:02:00,19 in track 2 ignored.
Event group for event at 00:02:00,19 in track 2 ignored.
Loop switch for event at 00:02:01,39 in track 2 ignored.
Event group for event at 00:02:01,39 in track 2 ignored.
Loop switch for event at 00:02:02,50 in track 2 ignored.
Event group for event at 00:02:02,50 in track 2 ignored.
Loop switch for event at 00:02:04,17 in track 2 ignored.
Event group for event at 00:02:04,17 in track 2 ignored.
Loop switch for event at 00:02:05,33 in track 2 ignored.
Event group for event at 00:02:05,33 in track 2 ignored.
Loop switch for event at 00:02:07,01 in track 2 ignored.
Event group for event at 00:02:07,01 in track 2 ignored.
Loop switch for event at 00:02:08,31 in track 2 ignored.
Event group for event at 00:02:08,31 in track 2 ignored.
Loop switch for event at 00:02:10,02 in track 2 ignored.
Event group for event at 00:02:10,02 in track 2 ignored.
Loop switch for event at 00:02:11,50 in track 2 ignored.
Event group for event at 00:02:11,50 in track 2 ignored.
Loop switch for event at 00:02:13,24 in track 2 ignored.
Event group for event at 00:02:13,24 in track 2 ignored.
Loop switch for event at 00:02:14,53 in track 2 ignored.
Event group for event at 00:02:14,53 in track 2 ignored.
Loop switch for event at 00:02:16,19 in track 2 ignored.
Event group for event at 00:02:16,19 in track 2 ignored.
Loop switch for event at 00:02:17,37 in track 2 ignored.
Event group for event at 00:02:17,37 in track 2 ignored.
Loop switch for event at 00:02:19,02 in track 2 ignored.
Event group for event at 00:02:19,02 in track 2 ignored.
Loop switch for event at 00:02:20,26 in track 2 ignored.
Event group for event at 00:02:20,26 in track 2 ignored.
Loop switch for event at 00:02:21,48 in track 2 ignored.
Event group for event at 00:02:21,48 in track 2 ignored.
Loop switch for event at 00:02:23,03 in track 2 ignored.
Event group for event at 00:02:23,03 in track 2 ignored.
Loop switch for event at 00:02:24,22 in track 2 ignored.
Event group for event at 00:02:24,22 in track 2 ignored.
Loop switch for event at 00:02:25,42 in track 2 ignored.
Event group for event at 00:02:25,42 in track 2 ignored.
Loop switch for event at 00:02:27,09 in track 2 ignored.
Event group for event at 00:02:27,09 in track 2 ignored.
Loop switch for event at 00:02:28,26 in track 2 ignored.
Event group for event at 00:02:28,26 in track 2 ignored.
Loop switch for event at 00:02:29,49 in track 2 ignored.
Event group for event at 00:02:29,49 in track 2 ignored.
Loop switch for event at 00:02:31,04 in track 2 ignored.
Event group for event at 00:02:31,04 in track 2 ignored.
Loop switch for event at 00:02:32,12 in track 2 ignored.
Event group for event at 00:02:32,12 in track 2 ignored.
Loop switch for event at 00:02:33,28 in track 2 ignored.
Event group for event at 00:02:33,28 in track 2 ignored.
Loop switch for event at 00:02:34,43 in track 2 ignored.
Event group for event at 00:02:34,43 in track 2 ignored.
Loop switch for event at 00:02:36,00 in track 2 ignored.
Event group for event at 00:02:36,00 in track 2 ignored.
Loop switch for event at 00:02:37,18 in track 2 ignored.
Event group for event at 00:02:37,18 in track 2 ignored.
Loop switch for event at 00:02:38,36 in track 2 ignored.
Event group for event at 00:02:38,36 in track 2 ignored.
Loop switch for event at 00:02:39,52 in track 2 ignored.
Event group for event at 00:02:39,52 in track 2 ignored.
Loop switch for event at 00:02:41,10 in track 2 ignored.
Event group for event at 00:02:41,10 in track 2 ignored.
Loop switch for event at 00:02:42,23 in track 2 ignored.
Event group for event at 00:02:42,23 in track 2 ignored.
Loop switch for event at 00:02:43,44 in track 2 ignored.
Event group for event at 00:02:43,44 in track 2 ignored.
Loop switch for event at 00:02:45,07 in track 2 ignored.
Event group for event at 00:02:45,07 in track 2 ignored.
Loop switch for event at 00:02:46,19 in track 2 ignored.
Event group for event at 00:02:46,19 in track 2 ignored.
Loop switch for event at 00:02:47,24 in track 2 ignored.
Event group for event at 00:02:47,24 in track 2 ignored.
Loop switch for event at 00:02:48,39 in track 2 ignored.
Event group for event at 00:02:48,39 in track 2 ignored.
Loop switch for event at 00:02:49,52 in track 2 ignored.
Event group for event at 00:02:49,52 in track 2 ignored.
Loop switch for event at 00:02:51,06 in track 2 ignored.
Event group for event at 00:02:51,06 in track 2 ignored.
Loop switch for event at 00:02:52,17 in track 2 ignored.
Event group for event at 00:02:52,17 in track 2 ignored.
Loop switch for event at 00:02:53,36 in track 2 ignored.
Event group for event at 00:02:53,36 in track 2 ignored.
Loop switch for event at 00:02:54,47 in track 2 ignored.
Event group for event at 00:02:54,47 in track 2 ignored.
Loop switch for event at 00:02:56,03 in track 2 ignored.
Event group for event at 00:02:56,03 in track 2 ignored.
Loop switch for event at 00:02:57,22 in track 2 ignored.
Event group for event at 00:02:57,22 in track 2 ignored.
Loop switch for event at 00:02:58,46 in track 2 ignored.
Event group for event at 00:02:58,46 in track 2 ignored.
Loop switch for event at 00:03:00,01 in track 2 ignored.
Event group for event at 00:03:00,01 in track 2 ignored.
Loop switch for event at 00:03:01,17 in track 2 ignored.
Event group for event at 00:03:01,17 in track 2 ignored.
Loop switch for event at 00:03:02,30 in track 2 ignored.
Event group for event at 00:03:02,30 in track 2 ignored.
Loop switch for event at 00:03:03,43 in track 2 ignored.
Event group for event at 00:03:03,43 in track 2 ignored.
Loop switch for event at 00:03:04,58 in track 2 ignored.
Event group for event at 00:03:04,58 in track 2 ignored.
Loop switch for event at 00:03:06,12 in track 2 ignored.
Event group for event at 00:03:06,12 in track 2 ignored.
Loop switch for event at 00:03:07,21 in track 2 ignored.
Event group for event at 00:03:07,21 in track 2 ignored.
Loop switch for event at 00:03:08,22 in track 2 ignored.
Event group for event at 00:03:08,22 in track 2 ignored.
Loop switch for event at 00:03:09,42 in track 2 ignored.
Event group for event at 00:03:09,42 in track 2 ignored.
Loop switch for event at 00:03:11,04 in track 2 ignored.
Event group for event at 00:03:11,04 in track 2 ignored.
Loop switch for event at 00:03:12,31 in track 2 ignored.
Event group for event at 00:03:12,31 in track 2 ignored.
Loop switch for event at 00:03:14,01 in track 2 ignored.
Event group for event at 00:03:14,01 in track 2 ignored.
Loop switch for event at 00:03:15,33 in track 2 ignored.
Event group for event at 00:03:15,33 in track 2 ignored.
Loop switch for event at 00:03:16,48 in track 2 ignored.
Event group for event at 00:03:16,48 in track 2 ignored.
Loop switch for event at 00:03:18,10 in track 2 ignored.
Event group for event at 00:03:18,10 in track 2 ignored.
Loop switch for event at 00:03:19,26 in track 2 ignored.
Event group for event at 00:03:19,26 in track 2 ignored.
Loop switch for event at 00:03:20,35 in track 2 ignored.
Event group for event at 00:03:20,35 in track 2 ignored.
Loop switch for event at 00:03:22,05 in track 2 ignored.
Event group for event at 00:03:22,05 in track 2 ignored.
Loop switch for event at 00:03:23,26 in track 2 ignored.
Event group for event at 00:03:23,26 in track 2 ignored.
Loop switch for event at 00:03:24,46 in track 2 ignored.
Event group for event at 00:03:24,46 in track 2 ignored.
Loop switch for event at 00:03:26,00 in track 2 ignored.
Event group for event at 00:03:26,00 in track 2 ignored.
Loop switch for event at 00:03:27,15 in track 2 ignored.
Event group for event at 00:03:27,15 in track 2 ignored.
Loop switch for event at 00:03:28,30 in track 2 ignored.
Event group for event at 00:03:28,30 in track 2 ignored.
Loop switch for event at 00:03:29,44 in track 2 ignored.
Event group for event at 00:03:29,44 in track 2 ignored.
Loop switch for event at 00:03:31,14 in track 2 ignored.
Event group for event at 00:03:31,14 in track 2 ignored.
Loop switch for event at 00:03:32,38 in track 2 ignored.
Event group for event at 00:03:32,38 in track 2 ignored.
Loop switch for event at 00:03:34,08 in track 2 ignored.
Event group for event at 00:03:34,08 in track 2 ignored.
Loop switch for event at 00:03:35,25 in track 2 ignored.
Event group for event at 00:03:35,25 in track 2 ignored.
Loop switch for event at 00:03:36,45 in track 2 ignored.
Event group for event at 00:03:36,45 in track 2 ignored.
Loop switch for event at 00:03:37,56 in track 2 ignored.
Event group for event at 00:03:37,56 in track 2 ignored.
Loop switch for event at 00:03:39,12 in track 2 ignored.
Event group for event at 00:03:39,12 in track 2 ignored.
Loop switch for event at 00:03:40,26 in track 2 ignored.
Event group for event at 00:03:40,26 in track 2 ignored.
Loop switch for event at 00:03:41,46 in track 2 ignored.
Event group for event at 00:03:41,46 in track 2 ignored.
Loop switch for event at 00:03:43,04 in track 2 ignored.
Event group for event at 00:03:43,04 in track 2 ignored.
Loop switch for event at 00:03:44,18 in track 2 ignored.
Event group for event at 00:03:44,18 in track 2 ignored.
Loop switch for event at 00:03:45,18 in track 2 ignored.
Event group for event at 00:03:45,18 in track 2 ignored.
Loop switch for event at 00:03:46,35 in track 2 ignored.
Event group for event at 00:03:46,35 in track 2 ignored.
Loop switch for event at 00:03:48,01 in track 2 ignored.
Event group for event at 00:03:48,01 in track 2 ignored.
Loop switch for event at 00:03:49,14 in track 2 ignored.
Event group for event at 00:03:49,14 in track 2 ignored.
Loop switch for event at 00:03:50,22 in track 2 ignored.
Event group for event at 00:03:50,22 in track 2 ignored.
Loop switch for event at 00:03:51,29 in track 2 ignored.
Event group for event at 00:03:51,29 in track 2 ignored.
Loop switch for event at 00:03:52,45 in track 2 ignored.
Event group for event at 00:03:52,45 in track 2 ignored.
Loop switch for event at 00:03:54,02 in track 2 ignored.
Event group for event at 00:03:54,02 in track 2 ignored.
Loop switch for event at 00:03:55,15 in track 2 ignored.
Event group for event at 00:03:55,15 in track 2 ignored.
Loop switch for event at 00:03:56,30 in track 2 ignored.
Event group for event at 00:03:56,30 in track 2 ignored.
Loop switch for event at 00:03:57,41 in track 2 ignored.
Event group for event at 00:03:57,41 in track 2 ignored.
Loop switch for event at 00:03:58,58 in track 2 ignored.
Event group for event at 00:03:58,58 in track 2 ignored.
Loop switch for event at 00:04:00,13 in track 2 ignored.
Event group for event at 00:04:00,13 in track 2 ignored.
Loop switch for event at 00:04:01,29 in track 2 ignored.
Event group for event at 00:04:01,29 in track 2 ignored.
Loop switch for event at 00:04:02,49 in track 2 ignored.
Event group for event at 00:04:02,49 in track 2 ignored.
Loop switch for event at 00:04:04,02 in track 2 ignored.
Event group for event at 00:04:04,02 in track 2 ignored.
Loop switch for event at 00:04:05,14 in track 2 ignored.
Event group for event at 00:04:05,14 in track 2 ignored.
Loop switch for event at 00:04:06,29 in track 2 ignored.
Event group for event at 00:04:06,29 in track 2 ignored.
Loop switch for event at 00:04:07,32 in track 2 ignored.
Event group for event at 00:04:07,32 in track 2 ignored.
Loop switch for event at 00:04:08,43 in track 2 ignored.
Event group for event at 00:04:08,43 in track 2 ignored.
Loop switch for event at 00:04:09,58 in track 2 ignored.
Event group for event at 00:04:09,58 in track 2 ignored.
Loop switch for event at 00:04:11,12 in track 2 ignored.
Event group for event at 00:04:11,12 in track 2 ignored.
Loop switch for event at 00:04:12,28 in track 2 ignored.
Event group for event at 00:04:12,28 in track 2 ignored.
Loop switch for event at 00:04:13,47 in track 2 ignored.
Event group for event at 00:04:13,47 in track 2 ignored.
Loop switch for event at 00:04:15,12 in track 2 ignored.
Event group for event at 00:04:15,12 in track 2 ignored.
Loop switch for event at 00:04:16,44 in track 2 ignored.
Event group for event at 00:04:16,44 in track 2 ignored.
Loop switch for event at 00:04:18,11 in track 2 ignored.
Event group for event at 00:04:18,11 in track 2 ignored.
Loop switch for event at 00:04:19,33 in track 2 ignored.
Event group for event at 00:04:19,33 in track 2 ignored.
Loop switch for event at 00:04:20,55 in track 2 ignored.
Event group for event at 00:04:20,55 in track 2 ignored.
Loop switch for event at 00:04:22,14 in track 2 ignored.
Event group for event at 00:04:22,14 in track 2 ignored.
Loop switch for event at 00:04:23,38 in track 2 ignored.
Event group for event at 00:04:23,38 in track 2 ignored.
Loop switch for event at 00:04:25,00 in track 2 ignored.
Event group for event at 00:04:25,00 in track 2 ignored.
Loop switch for event at 00:04:26,17 in track 2 ignored.
Event group for event at 00:04:26,17 in track 2 ignored.
Loop switch for event at 00:04:27,38 in track 2 ignored.
Event group for event at 00:04:27,38 in track 2 ignored.
Loop switch for event at 00:04:28,59 in track 2 ignored.
Event group for event at 00:04:28,59 in track 2 ignored.
Loop switch for event at 00:04:30,19 in track 2 ignored.
Event group for event at 00:04:30,19 in track 2 ignored.
Loop switch for event at 00:04:31,42 in track 2 ignored.
Event group for event at 00:04:31,42 in track 2 ignored.
Loop switch for event at 00:04:32,56 in track 2 ignored.
Event group for event at 00:04:32,56 in track 2 ignored.
Loop switch for event at 00:04:34,14 in track 2 ignored.
Event group for event at 00:04:34,14 in track 2 ignored.
Loop switch for event at 00:04:35,27 in track 2 ignored.
Event group for event at 00:04:35,27 in track 2 ignored.
Loop switch for event at 00:04:36,44 in track 2 ignored.
Event group for event at 00:04:36,44 in track 2 ignored.
Loop switch for event at 00:04:37,59 in track 2 ignored.
Event group for event at 00:04:37,59 in track 2 ignored.
Loop switch for event at 00:04:39,13 in track 2 ignored.
Event group for event at 00:04:39,13 in track 2 ignored.
Loop switch for event at 00:04:40,27 in track 2 ignored.
Event group for event at 00:04:40,27 in track 2 ignored.
Loop switch for event at 00:04:41,44 in track 2 ignored.
Event group for event at 00:04:41,44 in track 2 ignored.
Loop switch for event at 00:04:43,06 in track 2 ignored.
Event group for event at 00:04:43,06 in track 2 ignored.
Loop switch for event at 00:04:44,20 in track 2 ignored.
Event group for event at 00:04:44,20 in track 2 ignored.
Loop switch for event at 00:04:45,46 in track 2 ignored.
Event group for event at 00:04:45,46 in track 2 ignored.
Loop switch for event at 00:04:47,02 in track 2 ignored.
Event group for event at 00:04:47,02 in track 2 ignored.
Loop switch for event at 00:04:48,17 in track 2 ignored.
Event group for event at 00:04:48,17 in track 2 ignored.
Loop switch for event at 00:04:49,46 in track 2 ignored.
Event group for event at 00:04:49,46 in track 2 ignored.
Loop switch for event at 00:04:50,57 in track 2 ignored.
Event group for event at 00:04:50,57 in track 2 ignored.
Loop switch for event at 00:04:52,10 in track 2 ignored.
Event group for event at 00:04:52,10 in track 2 ignored.
Loop switch for event at 00:04:53,13 in track 2 ignored.
Event group for event at 00:04:53,13 in track 2 ignored.
Loop switch for event at 00:04:54,04 in track 2 ignored.
Event group for event at 00:04:54,04 in track 2 ignored.
Loop switch for event at 00:04:54,49 in track 2 ignored.
Event group for event at 00:04:54,49 in track 2 ignored.
Loop switch for event at 00:04:55,30 in track 2 ignored.
Event group for event at 00:04:55,30 in track 2 ignored.
Loop switch for event at 00:04:56,16 in track 2 ignored.
Event group for event at 00:04:56,16 in track 2 ignored.
Loop switch for event at 00:04:56,55 in track 2 ignored.
Event group for event at 00:04:56,55 in track 2 ignored.
Loop switch for event at 00:04:57,31 in track 2 ignored.
Event group for event at 00:04:57,31 in track 2 ignored.
Loop switch for event at 00:04:58,08 in track 2 ignored.
Event group for event at 00:04:58,08 in track 2 ignored.
Loop switch for event at 00:04:58,45 in track 2 ignored.
Event group for event at 00:04:58,45 in track 2 ignored.
Loop switch for event at 00:04:59,24 in track 2 ignored.
Event group for event at 00:04:59,24 in track 2 ignored.
Loop switch for event at 00:05:00,08 in track 2 ignored.
Event group for event at 00:05:00,08 in track 2 ignored.
Loop switch for event at 00:05:00,42 in track 2 ignored.
Event group for event at 00:05:00,42 in track 2 ignored.
Loop switch for event at 00:05:01,16 in track 2 ignored.
Event group for event at 00:05:01,16 in track 2 ignored.
Loop switch for event at 00:05:01,55 in track 2 ignored.
Event group for event at 00:05:01,55 in track 2 ignored.
Loop switch for event at 00:05:02,32 in track 2 ignored.
Event group for event at 00:05:02,32 in track 2 ignored.
Loop switch for event at 00:05:03,18 in track 2 ignored.
Event group for event at 00:05:03,18 in track 2 ignored.
Loop switch for event at 00:05:04,12 in track 2 ignored.
Event group for event at 00:05:04,12 in track 2 ignored.
Loop switch for event at 00:05:05,11 in track 2 ignored.
Event group for event at 00:05:05,11 in track 2 ignored.
Loop switch for event at 00:05:06,03 in track 2 ignored.
Event group for event at 00:05:06,03 in track 2 ignored.
Loop switch for event at 00:05:07,04 in track 2 ignored.
Event group for event at 00:05:07,04 in track 2 ignored.
Loop switch for event at 00:05:07,49 in track 2 ignored.
Event group for event at 00:05:07,49 in track 2 ignored.
Loop switch for event at 00:05:08,38 in track 2 ignored.
Event group for event at 00:05:08,38 in track 2 ignored.
Loop switch for event at 00:05:09,27 in track 2 ignored.
Event group for event at 00:05:09,27 in track 2 ignored.
Loop switch for event at 00:05:10,14 in track 2 ignored.
Event group for event at 00:05:10,14 in track 2 ignored.
Loop switch for event at 00:05:10,59 in track 2 ignored.
Event group for event at 00:05:10,59 in track 2 ignored.
Loop switch for event at 00:05:11,43 in track 2 ignored.
Event group for event at 00:05:11,43 in track 2 ignored.
Loop switch for event at 00:05:12,28 in track 2 ignored.
Event group for event at 00:05:12,28 in track 2 ignored.
Loop switch for event at 00:05:13,13 in track 2 ignored.
Event group for event at 00:05:13,13 in track 2 ignored.
Loop switch for event at 00:05:13,59 in track 2 ignored.
Event group for event at 00:05:13,59 in track 2 ignored.
Loop switch for event at 00:05:14,42 in track 2 ignored.
Event group for event at 00:05:14,42 in track 2 ignored.
Loop switch for event at 00:05:15,23 in track 2 ignored.
Event group for event at 00:05:15,23 in track 2 ignored.
Loop switch for event at 00:05:16,05 in track 2 ignored.
Event group for event at 00:05:16,05 in track 2 ignored.
Loop switch for event at 00:05:16,45 in track 2 ignored.
Event group for event at 00:05:16,45 in track 2 ignored.
Loop switch for event at 00:05:17,28 in track 2 ignored.
Event group for event at 00:05:17,28 in track 2 ignored.
Loop switch for event at 00:05:18,10 in track 2 ignored.
Event group for event at 00:05:18,10 in track 2 ignored.
Loop switch for event at 00:05:18,51 in track 2 ignored.
Event group for event at 00:05:18,51 in track 2 ignored.
Loop switch for event at 00:05:19,35 in track 2 ignored.
Event group for event at 00:05:19,35 in track 2 ignored.
Loop switch for event at 00:05:20,19 in track 2 ignored.
Event group for event at 00:05:20,19 in track 2 ignored.
Loop switch for event at 00:05:20,58 in track 2 ignored.
Event group for event at 00:05:20,58 in track 2 ignored.
Loop switch for event at 00:05:21,34 in track 2 ignored.
Event group for event at 00:05:21,34 in track 2 ignored.
Loop switch for event at 00:05:22,08 in track 2 ignored.
Event group for event at 00:05:22,08 in track 2 ignored.
Loop switch for event at 00:05:22,42 in track 2 ignored.
Event group for event at 00:05:22,42 in track 2 ignored.
Loop switch for event at 00:05:23,20 in track 2 ignored.
Event group for event at 00:05:23,20 in track 2 ignored.
Loop switch for event at 00:05:24,00 in track 2 ignored.
Event group for event at 00:05:24,00 in track 2 ignored.
Loop switch for event at 00:05:24,35 in track 2 ignored.
Event group for event at 00:05:24,35 in track 2 ignored.
Loop switch for event at 00:05:25,09 in track 2 ignored.
Event group for event at 00:05:25,09 in track 2 ignored.
Loop switch for event at 00:05:25,44 in track 2 ignored.
Event group for event at 00:05:25,44 in track 2 ignored.
Loop switch for event at 00:05:26,16 in track 2 ignored.
Event group for event at 00:05:26,16 in track 2 ignored.
Loop switch for event at 00:05:26,50 in track 2 ignored.
Event group for event at 00:05:26,50 in track 2 ignored.
Loop switch for event at 00:05:27,23 in track 2 ignored.
Event group for event at 00:05:27,23 in track 2 ignored.
Loop switch for event at 00:05:28,02 in track 2 ignored.
Event group for event at 00:05:28,02 in track 2 ignored.
Loop switch for event at 00:05:28,41 in track 2 ignored.
Event group for event at 00:05:28,41 in track 2 ignored.
Loop switch for event at 00:05:29,21 in track 2 ignored.
Event group for event at 00:05:29,21 in track 2 ignored.
Loop switch for event at 00:05:30,00 in track 2 ignored.
Event group for event at 00:05:30,00 in track 2 ignored.
Loop switch for event at 00:05:30,44 in track 2 ignored.
Event group for event at 00:05:30,44 in track 2 ignored.
Loop switch for event at 00:05:31,31 in track 2 ignored.
Event group for event at 00:05:31,31 in track 2 ignored.
Loop switch for event at 00:05:32,15 in track 2 ignored.
Event group for event at 00:05:32,15 in track 2 ignored.
Loop switch for event at 00:05:32,59 in track 2 ignored.
Event group for event at 00:05:32,59 in track 2 ignored.
Loop switch for event at 00:05:33,40 in track 2 ignored.
Event group for event at 00:05:33,40 in track 2 ignored.
Loop switch for event at 00:05:34,22 in track 2 ignored.
Event group for event at 00:05:34,22 in track 2 ignored.
Loop switch for event at 00:05:35,02 in track 2 ignored.
Event group for event at 00:05:35,02 in track 2 ignored.
Loop switch for event at 00:05:35,43 in track 2 ignored.
Event group for event at 00:05:35,43 in track 2 ignored.
Loop switch for event at 00:05:36,22 in track 2 ignored.
Event group for event at 00:05:36,22 in track 2 ignored.
Loop switch for event at 00:05:37,10 in track 2 ignored.
Event group for event at 00:05:37,10 in track 2 ignored.
Loop switch for event at 00:05:37,55 in track 2 ignored.
Event group for event at 00:05:37,55 in track 2 ignored.
Loop switch for event at 00:05:38,37 in track 2 ignored.
Event group for event at 00:05:38,37 in track 2 ignored.
Loop switch for event at 00:05:39,19 in track 2 ignored.
Event group for event at 00:05:39,19 in track 2 ignored.
Loop switch for event at 00:05:39,58 in track 2 ignored.
Event group for event at 00:05:39,58 in track 2 ignored.
Loop switch for event at 00:05:40,40 in track 2 ignored.
Event group for event at 00:05:40,40 in track 2 ignored.
Loop switch for event at 00:05:41,15 in track 2 ignored.
Event group for event at 00:05:41,15 in track 2 ignored.
Loop switch for event at 00:05:41,57 in track 2 ignored.
Event group for event at 00:05:41,57 in track 2 ignored.
Loop switch for event at 00:05:42,36 in track 2 ignored.
Event group for event at 00:05:42,36 in track 2 ignored.
Loop switch for event at 00:05:43,09 in track 2 ignored.
Event group for event at 00:05:43,09 in track 2 ignored.
Loop switch for event at 00:05:43,45 in track 2 ignored.
Event group for event at 00:05:43,45 in track 2 ignored.
Loop switch for event at 00:05:44,23 in track 2 ignored.
Event group for event at 00:05:44,23 in track 2 ignored.
Loop switch for event at 00:05:45,05 in track 2 ignored.
Event group for event at 00:05:45,05 in track 2 ignored.
Loop switch for event at 00:05:45,42 in track 2 ignored.
Event group for event at 00:05:45,42 in track 2 ignored.
Loop switch for event at 00:05:46,18 in track 2 ignored.
Event group for event at 00:05:46,18 in track 2 ignored.
Loop switch for event at 00:05:46,59 in track 2 ignored.
Event group for event at 00:05:46,59 in track 2 ignored.
Loop switch for event at 00:05:47,39 in track 2 ignored.
Event group for event at 00:05:47,39 in track 2 ignored.
Loop switch for event at 00:05:48,22 in track 2 ignored.
Event group for event at 00:05:48,22 in track 2 ignored.
Loop switch for event at 00:05:49,09 in track 2 ignored.
Event group for event at 00:05:49,09 in track 2 ignored.
Loop switch for event at 00:05:49,59 in track 2 ignored.
Event group for event at 00:05:49,59 in track 2 ignored.
Loop switch for event at 00:05:50,39 in track 2 ignored.
Event group for event at 00:05:50,39 in track 2 ignored.
Loop switch for event at 00:05:51,17 in track 2 ignored.
Event group for event at 00:05:51,17 in track 2 ignored.
Loop switch for event at 00:05:51,57 in track 2 ignored.
Event group for event at 00:05:51,57 in track 2 ignored.
Loop switch for event at 00:05:52,43 in track 2 ignored.
Event group for event at 00:05:52,43 in track 2 ignored.
Loop switch for event at 00:05:53,28 in track 2 ignored.
Event group for event at 00:05:53,28 in track 2 ignored.
Loop switch for event at 00:05:54,09 in track 2 ignored.
Event group for event at 00:05:54,09 in track 2 ignored.
Loop switch for event at 00:05:54,45 in track 2 ignored.
Event group for event at 00:05:54,45 in track 2 ignored.
Loop switch for event at 00:05:55,19 in track 2 ignored.
Event group for event at 00:05:55,19 in track 2 ignored.
Loop switch for event at 00:05:55,57 in track 2 ignored.
Event group for event at 00:05:55,57 in track 2 ignored.
Loop switch for event at 00:05:56,41 in track 2 ignored.
Event group for event at 00:05:56,41 in track 2 ignored.
Loop switch for event at 00:05:57,24 in track 2 ignored.
Event group for event at 00:05:57,24 in track 2 ignored.
Loop switch for event at 00:05:58,09 in track 2 ignored.
Event group for event at 00:05:58,09 in track 2 ignored.
Loop switch for event at 00:05:58,58 in track 2 ignored.
Event group for event at 00:05:58,58 in track 2 ignored.
Loop switch for event at 00:05:59,35 in track 2 ignored.
Event group for event at 00:05:59,35 in track 2 ignored.
Loop switch for event at 00:06:00,14 in track 2 ignored.
Event group for event at 00:06:00,14 in track 2 ignored.
Loop switch for event at 00:06:00,56 in track 2 ignored.
Event group for event at 00:06:00,56 in track 2 ignored.
Loop switch for event at 00:06:01,45 in track 2 ignored.
Event group for event at 00:06:01,45 in track 2 ignored.
Event(00:06:01,45, track 2) is looped due to a duration change. Please fix this otherwise import in FCP X will be faulty.
Loop switch for event at 00:06:02,29 in track 2 ignored.
Event group for event at 00:06:02,29 in track 2 ignored.
Event(00:06:02,29, track 2) is looped due to a duration change. Please fix this otherwise import in FCP X will be faulty.
Loop switch for event at 00:06:03,17 in track 2 ignored.
Event group for event at 00:06:03,17 in track 2 ignored.
Event(00:06:03,17, track 2) is looped due to a duration change. Please fix this otherwise import in FCP X will be faulty.
Loop switch for event at 00:06:04,03 in track 2 ignored.
Event group for event at 00:06:04,03 in track 2 ignored.
Event(00:06:04,03, track 2) is looped due to a duration change. Please fix this otherwise import in FCP X will be faulty.
Loop switch for event at 00:06:04,48 in track 2 ignored.
Event group for event at 00:06:04,48 in track 2 ignored.
Event(00:06:04,48, track 2) is looped due to a duration change. Please fix this otherwise import in FCP X will be faulty.
Loop switch for event at 00:06:05,34 in track 2 ignored.
Event group for event at 00:06:05,34 in track 2 ignored.
Event(00:06:05,34, track 2) is looped due to a duration change. Please fix this otherwise import in FCP X will be faulty.
Loop switch for event at 00:06:06,14 in track 2 ignored.
Event group for event at 00:06:06,14 in track 2 ignored.
Event(00:06:06,14, track 2) is looped due to a duration change. Please fix this otherwise import in FCP X will be faulty.
Loop switch for event at 00:06:06,53 in track 2 ignored.
Event group for event at 00:06:06,53 in track 2 ignored.
Event(00:06:06,53, track 2) is looped due to a duration change. Please fix this otherwise import in FCP X will be faulty.
Loop switch for event at 00:06:07,37 in track 2 ignored.
Event group for event at 00:06:07,37 in track 2 ignored.
Event(00:06:07,37, track 2) is looped due to a duration change. Please fix this otherwise import in FCP X will be faulty.
Loop switch for event at 00:06:08,20 in track 2 ignored.
Event group for event at 00:06:08,20 in track 2 ignored.
Event(00:06:08,20, track 2) is looped due to a duration change. Please fix this otherwise import in FCP X will be faulty.
Loop switch for event at 00:06:09,05 in track 2 ignored.
Event group for event at 00:06:09,05 in track 2 ignored.
Event(00:06:09,05, track 2) is looped due to a duration change. Please fix this otherwise import in FCP X will be faulty.
Loop switch for event at 00:06:09,54 in track 2 ignored.
Event group for event at 00:06:09,54 in track 2 ignored.
Event(00:06:09,54, track 2) is looped due to a duration change. Please fix this otherwise import in FCP X will be faulty.
Loop switch for event at 00:06:10,47 in track 2 ignored.
Event group for event at 00:06:10,47 in track 2 ignored.
Event(00:06:10,47, track 2) is looped due to a duration change. Please fix this otherwise import in FCP X will be faulty.
Loop switch for event at 00:06:11,47 in track 2 ignored.
Event group for event at 00:06:11,47 in track 2 ignored.
Event(00:06:11,47, track 2) is looped due to a duration change. Please fix this otherwise import in FCP X will be faulty.
Loop switch for event at 00:06:12,38 in track 2 ignored.
Event group for event at 00:06:12,38 in track 2 ignored.
Event(00:06:12,38, track 2) is looped due to a duration change. Please fix this otherwise import in FCP X will be faulty.
Loop switch for event at 00:06:13,25 in track 2 ignored.
Event group for event at 00:06:13,25 in track 2 ignored.
Event(00:06:13,25, track 2) is looped due to a duration change. Please fix this otherwise import in FCP X will be faulty.
Loop switch for event at 00:06:14,16 in track 2 ignored.
Event group for event at 00:06:14,16 in track 2 ignored.
Event(00:06:14,16, track 2) is looped due to a duration change. Please fix this otherwise import in FCP X will be faulty.
Loop switch for event at 00:06:15,11 in track 2 ignored.
Event group for event at 00:06:15,11 in track 2 ignored.
Event(00:06:15,11, track 2) is looped due to a duration change. Please fix this otherwise import in FCP X will be faulty.
Loop switch for event at 00:06:16,06 in track 2 ignored.
Event group for event at 00:06:16,06 in track 2 ignored.
Event(00:06:16,06, track 2) is looped due to a duration change. Please fix this otherwise import in FCP X will be faulty.
Loop switch for event at 00:06:16,53 in track 2 ignored.
Event group for event at 00:06:16,53 in track 2 ignored.
Event(00:06:16,53, track 2) is looped due to a duration change. Please fix this otherwise import in FCP X will be faulty.
Loop switch for event at 00:06:17,54 in track 2 ignored.
Event group for event at 00:06:17,54 in track 2 ignored.
Event(00:06:17,54, track 2) is looped due to a duration change. Please fix this otherwise import in FCP X will be faulty.
Loop switch for event at 00:06:18,55 in track 2 ignored.
Event group for event at 00:06:18,55 in track 2 ignored.
Event(00:06:18,55, track 2) is looped due to a duration change. Please fix this otherwise import in FCP X will be faulty.
Loop switch for event at 00:06:19,43 in track 2 ignored.
Event group for event at 00:06:19,43 in track 2 ignored.
Event(00:06:19,43, track 2) is looped due to a duration change. Please fix this otherwise import in FCP X will be faulty.
Loop switch for event at 00:06:20,29 in track 2 ignored.
Event group for event at 00:06:20,29 in track 2 ignored.
Event(00:06:20,29, track 2) is looped due to a duration change. Please fix this otherwise import in FCP X will be faulty.
Loop switch for event at 00:06:21,16 in track 2 ignored.
Event group for event at 00:06:21,16 in track 2 ignored.
Event(00:06:21,16, track 2) is looped due to a duration change. Please fix this otherwise import in FCP X will be faulty.
Loop switch for event at 00:06:22,02 in track 2 ignored.
Event group for event at 00:06:22,02 in track 2 ignored.
Event(00:06:22,02, track 2) is looped due to a duration change. Please fix this otherwise import in FCP X will be faulty.
Loop switch for event at 00:06:22,53 in track 2 ignored.
Event group for event at 00:06:22,53 in track 2 ignored.
Event(00:06:22,53, track 2) is looped due to a duration change. Please fix this otherwise import in FCP X will be faulty.
Loop switch for event at 00:06:23,42 in track 2 ignored.
Event group for event at 00:06:23,42 in track 2 ignored.
Event(00:06:23,42, track 2) is looped due to a duration change. Please fix this otherwise import in FCP X will be faulty.
Loop switch for event at 00:06:24,28 in track 2 ignored.
Event group for event at 00:06:24,28 in track 2 ignored.
Event(00:06:24,28, track 2) is looped due to a duration change. Please fix this otherwise import in FCP X will be faulty.
Loop switch for event at 00:06:25,19 in track 2 ignored.
Event group for event at 00:06:25,19 in track 2 ignored.
Event(00:06:25,19, track 2) is looped due to a duration change. Please fix this otherwise import in FCP X will be faulty.
Loop switch for event at 00:06:26,05 in track 2 ignored.
Event group for event at 00:06:26,05 in track 2 ignored.
Event(00:06:26,05, track 2) is looped due to a duration change. Please fix this otherwise import in FCP X will be faulty.
Loop switch for event at 00:06:26,50 in track 2 ignored.
Event group for event at 00:06:26,50 in track 2 ignored.
Event(00:06:26,50, track 2) is looped due to a duration change. Please fix this otherwise import in FCP X will be faulty.
Loop switch for event at 00:06:27,30 in track 2 ignored.
Event group for event at 00:06:27,30 in track 2 ignored.
Event(00:06:27,30, track 2) is looped due to a duration change. Please fix this otherwise import in FCP X will be faulty.
Loop switch for event at 00:06:28,10 in track 2 ignored.
Event group for event at 00:06:28,10 in track 2 ignored.
Event(00:06:28,10, track 2) is looped due to a duration change. Please fix this otherwise import in FCP X will be faulty.
Loop switch for event at 00:06:28,50 in track 2 ignored.
Event group for event at 00:06:28,50 in track 2 ignored.
Event(00:06:28,50, track 2) is looped due to a duration change. Please fix this otherwise import in FCP X will be faulty.
Loop switch for event at 00:06:29,31 in track 2 ignored.
Event group for event at 00:06:29,31 in track 2 ignored.
Event(00:06:29,31, track 2) is looped due to a duration change. Please fix this otherwise import in FCP X will be faulty.
Loop switch for event at 00:06:30,08 in track 2 ignored.
Event group for event at 00:06:30,08 in track 2 ignored.
Event(00:06:30,08, track 2) is looped due to a duration change. Please fix this otherwise import in FCP X will be faulty.
Loop switch for event at 00:06:30,55 in track 2 ignored.
Event group for event at 00:06:30,55 in track 2 ignored.
Event(00:06:30,55, track 2) is looped due to a duration change. Please fix this otherwise import in FCP X will be faulty.
Loop switch for event at 00:06:31,34 in track 2 ignored.
Event group for event at 00:06:31,34 in track 2 ignored.
Event(00:06:31,34, track 2) is looped due to a duration change. Please fix this otherwise import in FCP X will be faulty.
Loop switch for event at 00:06:32,17 in track 2 ignored.
Event group for event at 00:06:32,17 in track 2 ignored.
Event(00:06:32,17, track 2) is looped due to a duration change. Please fix this otherwise import in FCP X will be faulty.
Loop switch for event at 00:06:32,55 in track 2 ignored.
Event group for event at 00:06:32,55 in track 2 ignored.
Event(00:06:32,55, track 2) is looped due to a duration change. Please fix this otherwise import in FCP X will be faulty.
Loop switch for event at 00:06:33,36 in track 2 ignored.
Event group for event at 00:06:33,36 in track 2 ignored.
Event(00:06:33,36, track 2) is looped due to a duration change. Please fix this otherwise import in FCP X will be faulty.
Loop switch for event at 00:06:34,24 in track 2 ignored.
Event group for event at 00:06:34,24 in track 2 ignored.
Event(00:06:34,24, track 2) is looped due to a duration change. Please fix this otherwise import in FCP X will be faulty.
Loop switch for event at 00:06:35,17 in track 2 ignored.
Event group for event at 00:06:35,17 in track 2 ignored.
Event(00:06:35,17, track 2) is looped due to a duration change. Please fix this otherwise import in FCP X will be faulty.
Loop switch for event at 00:06:36,03 in track 2 ignored.
Event group for event at 00:06:36,03 in track 2 ignored.
Event(00:06:36,03, track 2) is looped due to a duration change. Please fix this otherwise import in FCP X will be faulty.
Loop switch for event at 00:06:37,09 in track 2 ignored.
Event group for event at 00:06:37,09 in track 2 ignored.
Event(00:06:37,09, track 2) is looped due to a duration change. Please fix this otherwise import in FCP X will be faulty.
Loop switch for event at 00:06:37,54 in track 2 ignored.
Event group for event at 00:06:37,54 in track 2 ignored.
Event(00:06:37,54, track 2) is looped due to a duration change. Please fix this otherwise import in FCP X will be faulty.
Loop switch for event at 00:06:38,42 in track 2 ignored.
Event group for event at 00:06:38,42 in track 2 ignored.
Event(00:06:38,42, track 2) is looped due to a duration change. Please fix this otherwise import in FCP X will be faulty.
Loop switch for event at 00:06:39,28 in track 2 ignored.
Event group for event at 00:06:39,28 in track 2 ignored.
Event(00:06:39,28, track 2) is looped due to a duration change. Please fix this otherwise import in FCP X will be faulty.
Loop switch for event at 00:06:40,12 in track 2 ignored.
Event group for event at 00:06:40,12 in track 2 ignored.
Event(00:06:40,12, track 2) is looped due to a duration change. Please fix this otherwise import in FCP X will be faulty.
Loop switch for event at 00:06:40,59 in track 2 ignored.
Event group for event at 00:06:40,59 in track 2 ignored.
Event(00:06:40,59, track 2) is looped due to a duration change. Please fix this otherwise import in FCP X will be faulty.
Loop switch for event at 00:06:41,44 in track 2 ignored.
Event group for event at 00:06:41,44 in track 2 ignored.
Event(00:06:41,44, track 2) is looped due to a duration change. Please fix this otherwise import in FCP X will be faulty.
Loop switch for event at 00:06:42,24 in track 2 ignored.
Event group for event at 00:06:42,24 in track 2 ignored.
Event(00:06:42,24, track 2) is looped due to a duration change. Please fix this otherwise import in FCP X will be faulty.
Composite mode for track 1 ignored.
Loop switch for event at 00:00:00,00 in track 1 ignored.
Event group for event at 00:00:00,00 in track 1 ignored.
Event(00:00:00,00, track 1) is looped due to a duration change. Please fix this otherwise import in FCP X will be faulty.
Loop switch for event at 00:00:01,20 in track 1 ignored.
Event group for event at 00:00:01,20 in track 1 ignored.
Event(00:00:01,20, track 1) is looped due to a duration change. Please fix this otherwise import in FCP X will be faulty.
Transition effect for event at 00:00:01,20 in track 1 ignored.
Loop switch for event at 00:00:05,31 in track 1 ignored.
Event group for event at 00:00:05,31 in track 1 ignored.
Event(00:00:05,31, track 1) is looped due to a duration change. Please fix this otherwise import in FCP X will be faulty.
Transition effect for event at 00:00:05,31 in track 1 ignored.
Loop switch for event at 00:00:08,33 in track 1 ignored.
Event group for event at 00:00:08,33 in track 1 ignored.
Event(00:00:08,33, track 1) is looped due to a duration change. Please fix this otherwise import in FCP X will be faulty.
Transition effect for event at 00:00:08,33 in track 1 ignored.
Loop switch for event at 00:00:11,15 in track 1 ignored.
Event group for event at 00:00:11,15 in track 1 ignored.
Event(00:00:11,15, track 1) is looped due to a duration change. Please fix this otherwise import in FCP X will be faulty.
Transition effect for event at 00:00:11,15 in track 1 ignored.
Loop switch for event at 00:00:14,07 in track 1 ignored.
Event group for event at 00:00:14,07 in track 1 ignored.
Event(00:00:14,07, track 1) is looped due to a duration change. Please fix this otherwise import in FCP X will be faulty.
Transition effect for event at 00:00:14,07 in track 1 ignored.
Loop switch for event at 00:00:16,32 in track 1 ignored.
Event group for event at 00:00:16,32 in track 1 ignored.
Event(00:00:16,32, track 1) is looped due to a duration change. Please fix this otherwise import in FCP X will be faulty.
Transition effect for event at 00:00:16,32 in track 1 ignored.
Loop switch for event at 00:00:18,44 in track 1 ignored.
Event group for event at 00:00:18,44 in track 1 ignored.
Event(00:00:18,44, track 1) is looped due to a duration change. Please fix this otherwise import in FCP X will be faulty.
Transition effect for event at 00:00:18,44 in track 1 ignored.
Loop switch for event at 00:00:21,04 in track 1 ignored.
Event group for event at 00:00:21,04 in track 1 ignored.
Event(00:00:21,04, track 1) is looped due to a duration change. Please fix this otherwise import in FCP X will be faulty.
Transition effect for event at 00:00:21,04 in track 1 ignored.
Loop switch for event at 00:00:23,29 in track 1 ignored.
Event group for event at 00:00:23,29 in track 1 ignored.
Event(00:00:23,29, track 1) is looped due to a duration change. Please fix this otherwise import in FCP X will be faulty.
Transition effect for event at 00:00:23,29 in track 1 ignored.
Loop switch for event at 00:00:25,41 in track 1 ignored.
Event group for event at 00:00:25,41 in track 1 ignored.
Event(00:00:25,41, track 1) is looped due to a duration change. Please fix this otherwise import in FCP X will be faulty.
Transition effect for event at 00:00:25,41 in track 1 ignored.
Loop switch for event at 00:00:28,12 in track 1 ignored.
Event group for event at 00:00:28,12 in track 1 ignored.
Event(00:00:28,12, track 1) is looped due to a duration change. Please fix this otherwise import in FCP X will be faulty.
Transition effect for event at 00:00:28,12 in track 1 ignored.
Loop switch for event at 00:00:30,28 in track 1 ignored.
Event group for event at 00:00:30,28 in track 1 ignored.
Event(00:00:30,28, track 1) is looped due to a duration change. Please fix this otherwise import in FCP X will be faulty.
Transition effect for event at 00:00:30,28 in track 1 ignored.
Loop switch for event at 00:00:33,01 in track 1 ignored.
Event group for event at 00:00:33,01 in track 1 ignored.
Event(00:00:33,01, track 1) is looped due to a duration change. Please fix this otherwise import in FCP X will be faulty.
Transition effect for event at 00:00:33,01 in track 1 ignored.
Loop switch for event at 00:00:35,27 in track 1 ignored.
Event group for event at 00:00:35,27 in track 1 ignored.
Event(00:00:35,27, track 1) is looped due to a duration change. Please fix this otherwise import in FCP X will be faulty.
Transition effect for event at 00:00:35,27 in track 1 ignored.
Loop switch for event at 00:00:37,48 in track 1 ignored.
Event group for event at 00:00:37,48 in track 1 ignored.
Event(00:00:37,48, track 1) is looped due to a duration change. Please fix this otherwise import in FCP X will be faulty.
Transition effect for event at 00:00:37,48 in track 1 ignored.
Loop switch for event at 00:00:39,53 in track 1 ignored.
Event group for event at 00:00:39,53 in track 1 ignored.
Event(00:00:39,53, track 1) is looped due to a duration change. Please fix this otherwise import in FCP X will be faulty.
Transition effect for event at 00:00:39,53 in track 1 ignored.
Loop switch for event at 00:00:42,14 in track 1 ignored.
Event group for event at 00:00:42,14 in track 1 ignored.
Event(00:00:42,14, track 1) is looped due to a duration change. Please fix this otherwise import in FCP X will be faulty.
Transition effect for event at 00:00:42,14 in track 1 ignored.
Loop switch for event at 00:00:44,29 in track 1 ignored.
Event group for event at 00:00:44,29 in track 1 ignored.
Event(00:00:44,29, track 1) is looped due to a duration change. Please fix this otherwise import in FCP X will be faulty.
Transition effect for event at 00:00:44,29 in track 1 ignored.
Loop switch for event at 00:00:46,45 in track 1 ignored.
Event group for event at 00:00:46,45 in track 1 ignored.
Event(00:00:46,45, track 1) is looped due to a duration change. Please fix this otherwise import in FCP X will be faulty.
Transition effect for event at 00:00:46,45 in track 1 ignored.
Loop switch for event at 00:00:49,02 in track 1 ignored.
Event group for event at 00:00:49,02 in track 1 ignored.
Event(00:00:49,02, track 1) is looped due to a duration change. Please fix this otherwise import in FCP X will be faulty.
Transition effect for event at 00:00:49,02 in track 1 ignored.
Loop switch for event at 00:00:51,18 in track 1 ignored.
Event group for event at 00:00:51,18 in track 1 ignored.
Event(00:00:51,18, track 1) is looped due to a duration change. Please fix this otherwise import in FCP X will be faulty.
Transition effect for event at 00:00:51,18 in track 1 ignored.
Loop switch for event at 00:00:53,41 in track 1 ignored.
Event group for event at 00:00:53,41 in track 1 ignored.
Event(00:00:53,41, track 1) is looped due to a duration change. Please fix this otherwise import in FCP X will be faulty.
Transition effect for event at 00:00:53,41 in track 1 ignored.
Loop switch for event at 00:00:56,17 in track 1 ignored.
Event group for event at 00:00:56,17 in track 1 ignored.
Event(00:00:56,17, track 1) is looped due to a duration change. Please fix this otherwise import in FCP X will be faulty.
Transition effect for event at 00:00:56,17 in track 1 ignored.
Loop switch for event at 00:00:58,40 in track 1 ignored.
Event group for event at 00:00:58,40 in track 1 ignored.
Event(00:00:58,40, track 1) is looped due to a duration change. Please fix this otherwise import in FCP X will be faulty.
Transition effect for event at 00:00:58,40 in track 1 ignored.
Loop switch for event at 00:01:01,12 in track 1 ignored.
Event group for event at 00:01:01,12 in track 1 ignored.
Event(00:01:01,12, track 1) is looped due to a duration change. Please fix this otherwise import in FCP X will be faulty.
Transition effect for event at 00:01:01,12 in track 1 ignored.
Loop switch for event at 00:01:03,45 in track 1 ignored.
Event group for event at 00:01:03,45 in track 1 ignored.
Event(00:01:03,45, track 1) is looped due to a duration change. Please fix this otherwise import in FCP X will be faulty.
Transition effect for event at 00:01:03,45 in track 1 ignored.
Loop switch for event at 00:01:06,22 in track 1 ignored.
Event group for event at 00:01:06,22 in track 1 ignored.
Event(00:01:06,22, track 1) is looped due to a duration change. Please fix this otherwise import in FCP X will be faulty.
Transition effect for event at 00:01:06,22 in track 1 ignored.
Loop switch for event at 00:01:08,55 in track 1 ignored.
Event group for event at 00:01:08,55 in track 1 ignored.
Event(00:01:08,55, track 1) is looped due to a duration change. Please fix this otherwise import in FCP X will be faulty.
Transition effect for event at 00:01:08,55 in track 1 ignored.
Loop switch for event at 00:01:11,40 in track 1 ignored.
Event group for event at 00:01:11,40 in track 1 ignored.
Event(00:01:11,40, track 1) is looped due to a duration change. Please fix this otherwise import in FCP X will be faulty.
Transition effect for event at 00:01:11,40 in track 1 ignored.
Loop switch for event at 00:01:14,17 in track 1 ignored.
Event group for event at 00:01:14,17 in track 1 ignored.
Event(00:01:14,17, track 1) is looped due to a duration change. Please fix this otherwise import in FCP X will be faulty.
Transition effect for event at 00:01:14,17 in track 1 ignored.
Loop switch for event at 00:01:17,22 in track 1 ignored.
Event group for event at 00:01:17,22 in track 1 ignored.
Event(00:01:17,22, track 1) is looped due to a duration change. Please fix this otherwise import in FCP X will be faulty.
Transition effect for event at 00:01:17,22 in track 1 ignored.
Loop switch for event at 00:01:19,57 in track 1 ignored.
Event group for event at 00:01:19,57 in track 1 ignored.
Event(00:01:19,57, track 1) is looped due to a duration change. Please fix this otherwise import in FCP X will be faulty.
Transition effect for event at 00:01:19,57 in track 1 ignored.
Loop switch for event at 00:01:22,49 in track 1 ignored.
Event group for event at 00:01:22,49 in track 1 ignored.
Event(00:01:22,49, track 1) is looped due to a duration change. Please fix this otherwise import in FCP X will be faulty.
Transition effect for event at 00:01:22,49 in track 1 ignored.
Loop switch for event at 00:01:25,31 in track 1 ignored.
Event group for event at 00:01:25,31 in track 1 ignored.
Event(00:01:25,31, track 1) is looped due to a duration change. Please fix this otherwise import in FCP X will be faulty.
Transition effect for event at 00:01:25,31 in track 1 ignored.
Loop switch for event at 00:01:28,42 in track 1 ignored.
Event group for event at 00:01:28,42 in track 1 ignored.
Event(00:01:28,42, track 1) is looped due to a duration change. Please fix this otherwise import in FCP X will be faulty.
Transition effect for event at 00:01:28,42 in track 1 ignored.
Loop switch for event at 00:01:32,06 in track 1 ignored.
Event group for event at 00:01:32,06 in track 1 ignored.
Event(00:01:32,06, track 1) is looped due to a duration change. Please fix this otherwise import in FCP X will be faulty.
Transition effect for event at 00:01:32,06 in track 1 ignored.
Loop switch for event at 00:01:35,52 in track 1 ignored.
Event group for event at 00:01:35,52 in track 1 ignored.
Event(00:01:35,52, track 1) is looped due to a duration change. Please fix this otherwise import in FCP X will be faulty.
Transition effect for event at 00:01:35,52 in track 1 ignored.
Loop switch for event at 00:01:39,21 in track 1 ignored.
Event group for event at 00:01:39,21 in track 1 ignored.
Event(00:01:39,21, track 1) is looped due to a duration change. Please fix this otherwise import in FCP X will be faulty.
Transition effect for event at 00:01:39,21 in track 1 ignored.
Loop switch for event at 00:01:43,24 in track 1 ignored.
Event group for event at 00:01:43,24 in track 1 ignored.
Event(00:01:43,24, track 1) is looped due to a duration change. Please fix this otherwise import in FCP X will be faulty.
Transition effect for event at 00:01:43,24 in track 1 ignored.
Loop switch for event at 00:01:46,33 in track 1 ignored.
Event group for event at 00:01:46,33 in track 1 ignored.
Event(00:01:46,33, track 1) is looped due to a duration change. Please fix this otherwise import in FCP X will be faulty.
Transition effect for event at 00:01:46,33 in track 1 ignored.
Loop switch for event at 00:01:49,55 in track 1 ignored.
Event group for event at 00:01:49,55 in track 1 ignored.
Event(00:01:49,55, track 1) is looped due to a duration change. Please fix this otherwise import in FCP X will be faulty.
Transition effect for event at 00:01:49,55 in track 1 ignored.
Loop switch for event at 00:01:52,56 in track 1 ignored.
Event group for event at 00:01:52,56 in track 1 ignored.
Event(00:01:52,56, track 1) is looped due to a duration change. Please fix this otherwise import in FCP X will be faulty.
Transition effect for event at 00:01:52,56 in track 1 ignored.
Loop switch for event at 00:01:55,15 in track 1 ignored.
Event group for event at 00:01:55,15 in track 1 ignored.
Event(00:01:55,15, track 1) is looped due to a duration change. Please fix this otherwise import in FCP X will be faulty.
Transition effect for event at 00:01:55,15 in track 1 ignored.
Loop switch for event at 00:01:57,12 in track 1 ignored.
Event group for event at 00:01:57,12 in track 1 ignored.
Event(00:01:57,12, track 1) is looped due to a duration change. Please fix this otherwise import in FCP X will be faulty.
Transition effect for event at 00:01:57,12 in track 1 ignored.
Loop switch for event at 00:01:58,57 in track 1 ignored.
Event group for event at 00:01:58,57 in track 1 ignored.
Event(00:01:58,57, track 1) is looped due to a duration change. Please fix this otherwise import in FCP X will be faulty.
Transition effect for event at 00:01:58,57 in track 1 ignored.
Loop switch for event at 00:02:00,19 in track 1 ignored.
Event group for event at 00:02:00,19 in track 1 ignored.
Event(00:02:00,19, track 1) is looped due to a duration change. Please fix this otherwise import in FCP X will be faulty.
Transition effect for event at 00:02:00,19 in track 1 ignored.
Loop switch for event at 00:02:01,39 in track 1 ignored.
Event group for event at 00:02:01,39 in track 1 ignored.
Event(00:02:01,39, track 1) is looped due to a duration change. Please fix this otherwise import in FCP X will be faulty.
Transition effect for event at 00:02:01,39 in track 1 ignored.
Loop switch for event at 00:02:02,50 in track 1 ignored.
Event group for event at 00:02:02,50 in track 1 ignored.
Event(00:02:02,50, track 1) is looped due to a duration change. Please fix this otherwise import in FCP X will be faulty.
Transition effect for event at 00:02:02,50 in track 1 ignored.
Loop switch for event at 00:02:04,17 in track 1 ignored.
Event group for event at 00:02:04,17 in track 1 ignored.
Event(00:02:04,17, track 1) is looped due to a duration change. Please fix this otherwise import in FCP X will be faulty.
Transition effect for event at 00:02:04,17 in track 1 ignored.
Loop switch for event at 00:02:05,33 in track 1 ignored.
Event group for event at 00:02:05,33 in track 1 ignored.
Event(00:02:05,33, track 1) is looped due to a duration change. Please fix this otherwise import in FCP X will be faulty.
Transition effect for event at 00:02:05,33 in track 1 ignored.
Loop switch for event at 00:02:07,01 in track 1 ignored.
Event group for event at 00:02:07,01 in track 1 ignored.
Event(00:02:07,01, track 1) is looped due to a duration change. Please fix this otherwise import in FCP X will be faulty.
Transition effect for event at 00:02:07,01 in track 1 ignored.
Loop switch for event at 00:02:08,31 in track 1 ignored.
Event group for event at 00:02:08,31 in track 1 ignored.
Event(00:02:08,31, track 1) is looped due to a duration change. Please fix this otherwise import in FCP X will be faulty.
Transition effect for event at 00:02:08,31 in track 1 ignored.
Loop switch for event at 00:02:10,02 in track 1 ignored.
Event group for event at 00:02:10,02 in track 1 ignored.
Event(00:02:10,02, track 1) is looped due to a duration change. Please fix this otherwise import in FCP X will be faulty.
Transition effect for event at 00:02:10,02 in track 1 ignored.
Loop switch for event at 00:02:11,50 in track 1 ignored.
Event group for event at 00:02:11,50 in track 1 ignored.
Event(00:02:11,50, track 1) is looped due to a duration change. Please fix this otherwise import in FCP X will be faulty.
Transition effect for event at 00:02:11,50 in track 1 ignored.
Loop switch for event at 00:02:13,24 in track 1 ignored.
Event group for event at 00:02:13,24 in track 1 ignored.
Event(00:02:13,24, track 1) is looped due to a duration change. Please fix this otherwise import in FCP X will be faulty.
Transition effect for event at 00:02:13,24 in track 1 ignored.
Loop switch for event at 00:02:14,53 in track 1 ignored.
Event group for event at 00:02:14,53 in track 1 ignored.
Event(00:02:14,53, track 1) is looped due to a duration change. Please fix this otherwise import in FCP X will be faulty.
Transition effect for event at 00:02:14,53 in track 1 ignored.
Loop switch for event at 00:02:16,19 in track 1 ignored.
Event group for event at 00:02:16,19 in track 1 ignored.
Event(00:02:16,19, track 1) is looped due to a duration change. Please fix this otherwise import in FCP X will be faulty.
Transition effect for event at 00:02:16,19 in track 1 ignored.
Loop switch for event at 00:02:17,37 in track 1 ignored.
Event group for event at 00:02:17,37 in track 1 ignored.
Event(00:02:17,37, track 1) is looped due to a duration change. Please fix this otherwise import in FCP X will be faulty.
Transition effect for event at 00:02:17,37 in track 1 ignored.
Loop switch for event at 00:02:19,02 in track 1 ignored.
Event group for event at 00:02:19,02 in track 1 ignored.
Event(00:02:19,02, track 1) is looped due to a duration change. Please fix this otherwise import in FCP X will be faulty.
Transition effect for event at 00:02:19,02 in track 1 ignored.
Loop switch for event at 00:02:20,26 in track 1 ignored.
Event group for event at 00:02:20,26 in track 1 ignored.
Event(00:02:20,26, track 1) is looped due to a duration change. Please fix this otherwise import in FCP X will be faulty.
Transition effect for event at 00:02:20,26 in track 1 ignored.
Loop switch for event at 00:02:21,48 in track 1 ignored.
Event group for event at 00:02:21,48 in track 1 ignored.
Event(00:02:21,48, track 1) is looped due to a duration change. Please fix this otherwise import in FCP X will be faulty.
Transition effect for event at 00:02:21,48 in track 1 ignored.
Loop switch for event at 00:02:23,03 in track 1 ignored.
Event group for event at 00:02:23,03 in track 1 ignored.
Event(00:02:23,03, track 1) is looped due to a duration change. Please fix this otherwise import in FCP X will be faulty.
Transition effect for event at 00:02:23,03 in track 1 ignored.
Loop switch for event at 00:02:24,22 in track 1 ignored.
Event group for event at 00:02:24,22 in track 1 ignored.
Event(00:02:24,22, track 1) is looped due to a duration change. Please fix this otherwise import in FCP X will be faulty.
Transition effect for event at 00:02:24,22 in track 1 ignored.
Loop switch for event at 00:02:25,42 in track 1 ignored.
Event group for event at 00:02:25,42 in track 1 ignored.
Event(00:02:25,42, track 1) is looped due to a duration change. Please fix this otherwise import in FCP X will be faulty.
Transition effect for event at 00:02:25,42 in track 1 ignored.
Loop switch for event at 00:02:27,09 in track 1 ignored.
Event group for event at 00:02:27,09 in track 1 ignored.
Event(00:02:27,09, track 1) is looped due to a duration change. Please fix this otherwise import in FCP X will be faulty.
Transition effect for event at 00:02:27,09 in track 1 ignored.
Loop switch for event at 00:02:28,26 in track 1 ignored.
Event group for event at 00:02:28,26 in track 1 ignored.
Event(00:02:28,26, track 1) is looped due to a duration change. Please fix this otherwise import in FCP X will be faulty.
Transition effect for event at 00:02:28,26 in track 1 ignored.
Loop switch for event at 00:02:29,49 in track 1 ignored.
Event group for event at 00:02:29,49 in track 1 ignored.
Event(00:02:29,49, track 1) is looped due to a duration change. Please fix this otherwise import in FCP X will be faulty.
Transition effect for event at 00:02:29,49 in track 1 ignored.
Loop switch for event at 00:02:31,04 in track 1 ignored.
Event group for event at 00:02:31,04 in track 1 ignored.
Event(00:02:31,04, track 1) is looped due to a duration change. Please fix this otherwise import in FCP X will be faulty.
Transition effect for event at 00:02:31,04 in track 1 ignored.
Loop switch for event at 00:02:32,12 in track 1 ignored.
Event group for event at 00:02:32,12 in track 1 ignored.
Event(00:02:32,12, track 1) is looped due to a duration change. Please fix this otherwise import in FCP X will be faulty.
Transition effect for event at 00:02:32,12 in track 1 ignored.
Loop switch for event at 00:02:33,28 in track 1 ignored.
Event group for event at 00:02:33,28 in track 1 ignored.
Event(00:02:33,28, track 1) is looped due to a duration change. Please fix this otherwise import in FCP X will be faulty.
Transition effect for event at 00:02:33,28 in track 1 ignored.
Loop switch for event at 00:02:34,43 in track 1 ignored.
Event group for event at 00:02:34,43 in track 1 ignored.
Event(00:02:34,43, track 1) is looped due to a duration change. Please fix this otherwise import in FCP X will be faulty.
Transition effect for event at 00:02:34,43 in track 1 ignored.
Loop switch for event at 00:02:36,00 in track 1 ignored.
Event group for event at 00:02:36,00 in track 1 ignored.
Event(00:02:36,00, track 1) is looped due to a duration change. Please fix this otherwise import in FCP X will be faulty.
Transition effect for event at 00:02:36,00 in track 1 ignored.
Loop switch for event at 00:02:37,18 in track 1 ignored.
Event group for event at 00:02:37,18 in track 1 ignored.
Event(00:02:37,18, track 1) is looped due to a duration change. Please fix this otherwise import in FCP X will be faulty.
Transition effect for event at 00:02:37,18 in track 1 ignored.
Loop switch for event at 00:02:38,36 in track 1 ignored.
Event group for event at 00:02:38,36 in track 1 ignored.
Event(00:02:38,36, track 1) is looped due to a duration change. Please fix this otherwise import in FCP X will be faulty.
Transition effect for event at 00:02:38,36 in track 1 ignored.
Loop switch for event at 00:02:39,52 in track 1 ignored.
Event group for event at 00:02:39,52 in track 1 ignored.
Event(00:02:39,52, track 1) is looped due to a duration change. Please fix this otherwise import in FCP X will be faulty.
Transition effect for event at 00:02:39,52 in track 1 ignored.
Loop switch for event at 00:02:41,10 in track 1 ignored.
Event group for event at 00:02:41,10 in track 1 ignored.
Event(00:02:41,10, track 1) is looped due to a duration change. Please fix this otherwise import in FCP X will be faulty.
Transition effect for event at 00:02:41,10 in track 1 ignored.
Loop switch for event at 00:02:42,23 in track 1 ignored.
Event group for event at 00:02:42,23 in track 1 ignored.
Event(00:02:42,23, track 1) is looped due to a duration change. Please fix this otherwise import in FCP X will be faulty.
Transition effect for event at 00:02:42,23 in track 1 ignored.
Loop switch for event at 00:02:43,44 in track 1 ignored.
Event group for event at 00:02:43,44 in track 1 ignored.
Event(00:02:43,44, track 1) is looped due to a duration change. Please fix this otherwise import in FCP X will be faulty.
Transition effect for event at 00:02:43,44 in track 1 ignored.
Loop switch for event at 00:02:45,07 in track 1 ignored.
Event group for event at 00:02:45,07 in track 1 ignored.
Event(00:02:45,07, track 1) is looped due to a duration change. Please fix this otherwise import in FCP X will be faulty.
Transition effect for event at 00:02:45,07 in track 1 ignored.
Loop switch for event at 00:02:46,19 in track 1 ignored.
Event group for event at 00:02:46,19 in track 1 ignored.
Event(00:02:46,19, track 1) is looped due to a duration change. Please fix this otherwise import in FCP X will be faulty.
Transition effect for event at 00:02:46,19 in track 1 ignored.
Loop switch for event at 00:02:47,24 in track 1 ignored.
Event group for event at 00:02:47,24 in track 1 ignored.
Event(00:02:47,24, track 1) is looped due to a duration change. Please fix this otherwise import in FCP X will be faulty.
Transition effect for event at 00:02:47,24 in track 1 ignored.
Loop switch for event at 00:02:48,39 in track 1 ignored.
Event group for event at 00:02:48,39 in track 1 ignored.
Event(00:02:48,39, track 1) is looped due to a duration change. Please fix this otherwise import in FCP X will be faulty.
Transition effect for event at 00:02:48,39 in track 1 ignored.
Loop switch for event at 00:02:49,52 in track 1 ignored.
Event group for event at 00:02:49,52 in track 1 ignored.
Event(00:02:49,52, track 1) is looped due to a duration change. Please fix this otherwise import in FCP X will be faulty.
Transition effect for event at 00:02:49,52 in track 1 ignored.
Loop switch for event at 00:02:51,06 in track 1 ignored.
Event group for event at 00:02:51,06 in track 1 ignored.
Event(00:02:51,06, track 1) is looped due to a duration change. Please fix this otherwise import in FCP X will be faulty.
Transition effect for event at 00:02:51,06 in track 1 ignored.
Loop switch for event at 00:02:52,17 in track 1 ignored.
Event group for event at 00:02:52,17 in track 1 ignored.
Event(00:02:52,17, track 1) is looped due to a duration change. Please fix this otherwise import in FCP X will be faulty.
Transition effect for event at 00:02:52,17 in track 1 ignored.
Loop switch for event at 00:02:53,36 in track 1 ignored.
Event group for event at 00:02:53,36 in track 1 ignored.
Event(00:02:53,36, track 1) is looped due to a duration change. Please fix this otherwise import in FCP X will be faulty.
Transition effect for event at 00:02:53,36 in track 1 ignored.
Loop switch for event at 00:02:54,47 in track 1 ignored.
Event group for event at 00:02:54,47 in track 1 ignored.
Event(00:02:54,47, track 1) is looped due to a duration change. Please fix this otherwise import in FCP X will be faulty.
Transition effect for event at 00:02:54,47 in track 1 ignored.
Loop switch for event at 00:02:56,03 in track 1 ignored.
Event group for event at 00:02:56,03 in track 1 ignored.
Event(00:02:56,03, track 1) is looped due to a duration change. Please fix this otherwise import in FCP X will be faulty.
Transition effect for event at 00:02:56,03 in track 1 ignored.
Loop switch for event at 00:02:57,22 in track 1 ignored.
Event group for event at 00:02:57,22 in track 1 ignored.
Event(00:02:57,22, track 1) is looped due to a duration change. Please fix this otherwise import in FCP X will be faulty.
Transition effect for event at 00:02:57,22 in track 1 ignored.
Loop switch for event at 00:02:58,46 in track 1 ignored.
Event group for event at 00:02:58,46 in track 1 ignored.
Event(00:02:58,46, track 1) is looped due to a duration change. Please fix this otherwise import in FCP X will be faulty.
Transition effect for event at 00:02:58,46 in track 1 ignored.
Loop switch for event at 00:03:00,01 in track 1 ignored.
Event group for event at 00:03:00,01 in track 1 ignored.
Event(00:03:00,01, track 1) is looped due to a duration change. Please fix this otherwise import in FCP X will be faulty.
Transition effect for event at 00:03:00,01 in track 1 ignored.
Loop switch for event at 00:03:01,17 in track 1 ignored.
Event group for event at 00:03:01,17 in track 1 ignored.
Event(00:03:01,17, track 1) is looped due to a duration change. Please fix this otherwise import in FCP X will be faulty.
Transition effect for event at 00:03:01,17 in track 1 ignored.
Loop switch for event at 00:03:02,30 in track 1 ignored.
Event group for event at 00:03:02,30 in track 1 ignored.
Event(00:03:02,30, track 1) is looped due to a duration change. Please fix this otherwise import in FCP X will be faulty.
Transition effect for event at 00:03:02,30 in track 1 ignored.
Loop switch for event at 00:03:03,43 in track 1 ignored.
Event group for event at 00:03:03,43 in track 1 ignored.
Event(00:03:03,43, track 1) is looped due to a duration change. Please fix this otherwise import in FCP X will be faulty.
Transition effect for event at 00:03:03,43 in track 1 ignored.
Loop switch for event at 00:03:04,58 in track 1 ignored.
Event group for event at 00:03:04,58 in track 1 ignored.
Event(00:03:04,58, track 1) is looped due to a duration change. Please fix this otherwise import in FCP X will be faulty.
Transition effect for event at 00:03:04,58 in track 1 ignored.
Loop switch for event at 00:03:06,12 in track 1 ignored.
Event group for event at 00:03:06,12 in track 1 ignored.
Event(00:03:06,12, track 1) is looped due to a duration change. Please fix this otherwise import in FCP X will be faulty.
Transition effect for event at 00:03:06,12 in track 1 ignored.
Loop switch for event at 00:03:07,21 in track 1 ignored.
Event group for event at 00:03:07,21 in track 1 ignored.
Event(00:03:07,21, track 1) is looped due to a duration change. Please fix this otherwise import in FCP X will be faulty.
Transition effect for event at 00:03:07,21 in track 1 ignored.
Loop switch for event at 00:03:08,22 in track 1 ignored.
Event group for event at 00:03:08,22 in track 1 ignored.
Event(00:03:08,22, track 1) is looped due to a duration change. Please fix this otherwise import in FCP X will be faulty.
Transition effect for event at 00:03:08,22 in track 1 ignored.
Loop switch for event at 00:03:09,42 in track 1 ignored.
Event group for event at 00:03:09,42 in track 1 ignored.
Event(00:03:09,42, track 1) is looped due to a duration change. Please fix this otherwise import in FCP X will be faulty.
Transition effect for event at 00:03:09,42 in track 1 ignored.
Loop switch for event at 00:03:11,04 in track 1 ignored.
Event group for event at 00:03:11,04 in track 1 ignored.
Event(00:03:11,04, track 1) is looped due to a duration change. Please fix this otherwise import in FCP X will be faulty.
Transition effect for event at 00:03:11,04 in track 1 ignored.
Loop switch for event at 00:03:12,31 in track 1 ignored.
Event group for event at 00:03:12,31 in track 1 ignored.
Event(00:03:12,31, track 1) is looped due to a duration change. Please fix this otherwise import in FCP X will be faulty.
Transition effect for event at 00:03:12,31 in track 1 ignored.
Loop switch for event at 00:03:14,01 in track 1 ignored.
Event group for event at 00:03:14,01 in track 1 ignored.
Event(00:03:14,01, track 1) is looped due to a duration change. Please fix this otherwise import in FCP X will be faulty.
Transition effect for event at 00:03:14,01 in track 1 ignored.
Loop switch for event at 00:03:15,33 in track 1 ignored.
Event group for event at 00:03:15,33 in track 1 ignored.
Event(00:03:15,33, track 1) is looped due to a duration change. Please fix this otherwise import in FCP X will be faulty.
Transition effect for event at 00:03:15,33 in track 1 ignored.
Loop switch for event at 00:03:16,48 in track 1 ignored.
Event group for event at 00:03:16,48 in track 1 ignored.
Event(00:03:16,48, track 1) is looped due to a duration change. Please fix this otherwise import in FCP X will be faulty.
Transition effect for event at 00:03:16,48 in track 1 ignored.
Loop switch for event at 00:03:18,10 in track 1 ignored.
Event group for event at 00:03:18,10 in track 1 ignored.
Event(00:03:18,10, track 1) is looped due to a duration change. Please fix this otherwise import in FCP X will be faulty.
Transition effect for event at 00:03:18,10 in track 1 ignored.
Loop switch for event at 00:03:19,26 in track 1 ignored.
Event group for event at 00:03:19,26 in track 1 ignored.
Event(00:03:19,26, track 1) is looped due to a duration change. Please fix this otherwise import in FCP X will be faulty.
Transition effect for event at 00:03:19,26 in track 1 ignored.
Loop switch for event at 00:03:20,35 in track 1 ignored.
Event group for event at 00:03:20,35 in track 1 ignored.
Event(00:03:20,35, track 1) is looped due to a duration change. Please fix this otherwise import in FCP X will be faulty.
Transition effect for event at 00:03:20,35 in track 1 ignored.
Loop switch for event at 00:03:22,05 in track 1 ignored.
Event group for event at 00:03:22,05 in track 1 ignored.
Event(00:03:22,05, track 1) is looped due to a duration change. Please fix this otherwise import in FCP X will be faulty.
Transition effect for event at 00:03:22,05 in track 1 ignored.
Loop switch for event at 00:03:23,26 in track 1 ignored.
Event group for event at 00:03:23,26 in track 1 ignored.
Event(00:03:23,26, track 1) is looped due to a duration change. Please fix this otherwise import in FCP X will be faulty.
Transition effect for event at 00:03:23,26 in track 1 ignored.
Loop switch for event at 00:03:24,46 in track 1 ignored.
Event group for event at 00:03:24,46 in track 1 ignored.
Event(00:03:24,46, track 1) is looped due to a duration change. Please fix this otherwise import in FCP X will be faulty.
Transition effect for event at 00:03:24,46 in track 1 ignored.
Loop switch for event at 00:03:26,00 in track 1 ignored.
Event group for event at 00:03:26,00 in track 1 ignored.
Event(00:03:26,00, track 1) is looped due to a duration change. Please fix this otherwise import in FCP X will be faulty.
Transition effect for event at 00:03:26,00 in track 1 ignored.
Loop switch for event at 00:03:27,15 in track 1 ignored.
Event group for event at 00:03:27,15 in track 1 ignored.
Event(00:03:27,15, track 1) is looped due to a duration change. Please fix this otherwise import in FCP X will be faulty.
Transition effect for event at 00:03:27,15 in track 1 ignored.
Loop switch for event at 00:03:28,30 in track 1 ignored.
Event group for event at 00:03:28,30 in track 1 ignored.
Event(00:03:28,30, track 1) is looped due to a duration change. Please fix this otherwise import in FCP X will be faulty.
Transition effect for event at 00:03:28,30 in track 1 ignored.
Loop switch for event at 00:03:29,44 in track 1 ignored.
Event group for event at 00:03:29,44 in track 1 ignored.
Event(00:03:29,44, track 1) is looped due to a duration change. Please fix this otherwise import in FCP X will be faulty.
Transition effect for event at 00:03:29,44 in track 1 ignored.
Loop switch for event at 00:03:31,14 in track 1 ignored.
Event group for event at 00:03:31,14 in track 1 ignored.
Event(00:03:31,14, track 1) is looped due to a duration change. Please fix this otherwise import in FCP X will be faulty.
Transition effect for event at 00:03:31,14 in track 1 ignored.
Loop switch for event at 00:03:32,38 in track 1 ignored.
Event group for event at 00:03:32,38 in track 1 ignored.
Event(00:03:32,38, track 1) is looped due to a duration change. Please fix this otherwise import in FCP X will be faulty.
Transition effect for event at 00:03:32,38 in track 1 ignored.
Loop switch for event at 00:03:34,08 in track 1 ignored.
Event group for event at 00:03:34,08 in track 1 ignored.
Event(00:03:34,08, track 1) is looped due to a duration change. Please fix this otherwise import in FCP X will be faulty.
Transition effect for event at 00:03:34,08 in track 1 ignored.
Loop switch for event at 00:03:35,25 in track 1 ignored.
Event group for event at 00:03:35,25 in track 1 ignored.
Event(00:03:35,25, track 1) is looped due to a duration change. Please fix this otherwise import in FCP X will be faulty.
Transition effect for event at 00:03:35,25 in track 1 ignored.
Loop switch for event at 00:03:36,45 in track 1 ignored.
Event group for event at 00:03:36,45 in track 1 ignored.
Event(00:03:36,45, track 1) is looped due to a duration change. Please fix this otherwise import in FCP X will be faulty.
Transition effect for event at 00:03:36,45 in track 1 ignored.
Loop switch for event at 00:03:37,56 in track 1 ignored.
Event group for event at 00:03:37,56 in track 1 ignored.
Event(00:03:37,56, track 1) is looped due to a duration change. Please fix this otherwise import in FCP X will be faulty.
Transition effect for event at 00:03:37,56 in track 1 ignored.
Loop switch for event at 00:03:39,12 in track 1 ignored.
Event group for event at 00:03:39,12 in track 1 ignored.
Event(00:03:39,12, track 1) is looped due to a duration change. Please fix this otherwise import in FCP X will be faulty.
Transition effect for event at 00:03:39,12 in track 1 ignored.
Loop switch for event at 00:03:40,26 in track 1 ignored.
Event group for event at 00:03:40,26 in track 1 ignored.
Event(00:03:40,26, track 1) is looped due to a duration change. Please fix this otherwise import in FCP X will be faulty.
Transition effect for event at 00:03:40,26 in track 1 ignored.
Loop switch for event at 00:03:41,46 in track 1 ignored.
Event group for event at 00:03:41,46 in track 1 ignored.
Event(00:03:41,46, track 1) is looped due to a duration change. Please fix this otherwise import in FCP X will be faulty.
Transition effect for event at 00:03:41,46 in track 1 ignored.
Loop switch for event at 00:03:43,04 in track 1 ignored.
Event group for event at 00:03:43,04 in track 1 ignored.
Event(00:03:43,04, track 1) is looped due to a duration change. Please fix this otherwise import in FCP X will be faulty.
Transition effect for event at 00:03:43,04 in track 1 ignored.
Loop switch for event at 00:03:44,18 in track 1 ignored.
Event group for event at 00:03:44,18 in track 1 ignored.
Event(00:03:44,18, track 1) is looped due to a duration change. Please fix this otherwise import in FCP X will be faulty.
Transition effect for event at 00:03:44,18 in track 1 ignored.
Loop switch for event at 00:03:45,18 in track 1 ignored.
Event group for event at 00:03:45,18 in track 1 ignored.
Event(00:03:45,18, track 1) is looped due to a duration change. Please fix this otherwise import in FCP X will be faulty.
Transition effect for event at 00:03:45,18 in track 1 ignored.
Loop switch for event at 00:03:46,35 in track 1 ignored.
Event group for event at 00:03:46,35 in track 1 ignored.
Event(00:03:46,35, track 1) is looped due to a duration change. Please fix this otherwise import in FCP X will be faulty.
Transition effect for event at 00:03:46,35 in track 1 ignored.
Loop switch for event at 00:03:48,01 in track 1 ignored.
Event group for event at 00:03:48,01 in track 1 ignored.
Event(00:03:48,01, track 1) is looped due to a duration change. Please fix this otherwise import in FCP X will be faulty.
Transition effect for event at 00:03:48,01 in track 1 ignored.
Loop switch for event at 00:03:49,14 in track 1 ignored.
Event group for event at 00:03:49,14 in track 1 ignored.
Event(00:03:49,14, track 1) is looped due to a duration change. Please fix this otherwise import in FCP X will be faulty.
Transition effect for event at 00:03:49,14 in track 1 ignored.
Loop switch for event at 00:03:50,22 in track 1 ignored.
Event group for event at 00:03:50,22 in track 1 ignored.
Event(00:03:50,22, track 1) is looped due to a duration change. Please fix this otherwise import in FCP X will be faulty.
Transition effect for event at 00:03:50,22 in track 1 ignored.
Loop switch for event at 00:03:51,29 in track 1 ignored.
Event group for event at 00:03:51,29 in track 1 ignored.
Event(00:03:51,29, track 1) is looped due to a duration change. Please fix this otherwise import in FCP X will be faulty.
Transition effect for event at 00:03:51,29 in track 1 ignored.
Loop switch for event at 00:03:52,45 in track 1 ignored.
Event group for event at 00:03:52,45 in track 1 ignored.
Event(00:03:52,45, track 1) is looped due to a duration change. Please fix this otherwise import in FCP X will be faulty.
Transition effect for event at 00:03:52,45 in track 1 ignored.
Loop switch for event at 00:03:54,02 in track 1 ignored.
Event group for event at 00:03:54,02 in track 1 ignored.
Event(00:03:54,02, track 1) is looped due to a duration change. Please fix this otherwise import in FCP X will be faulty.
Transition effect for event at 00:03:54,02 in track 1 ignored.
Loop switch for event at 00:03:55,15 in track 1 ignored.
Event group for event at 00:03:55,15 in track 1 ignored.
Event(00:03:55,15, track 1) is looped due to a duration change. Please fix this otherwise import in FCP X will be faulty.
Transition effect for event at 00:03:55,15 in track 1 ignored.
Loop switch for event at 00:03:56,30 in track 1 ignored.
Event group for event at 00:03:56,30 in track 1 ignored.
Event(00:03:56,30, track 1) is looped due to a duration change. Please fix this otherwise import in FCP X will be faulty.
Transition effect for event at 00:03:56,30 in track 1 ignored.
Loop switch for event at 00:03:57,41 in track 1 ignored.
Event group for event at 00:03:57,41 in track 1 ignored.
Event(00:03:57,41, track 1) is looped due to a duration change. Please fix this otherwise import in FCP X will be faulty.
Transition effect for event at 00:03:57,41 in track 1 ignored.
Loop switch for event at 00:03:58,58 in track 1 ignored.
Event group for event at 00:03:58,58 in track 1 ignored.
Event(00:03:58,58, track 1) is looped due to a duration change. Please fix this otherwise import in FCP X will be faulty.
Transition effect for event at 00:03:58,58 in track 1 ignored.
Loop switch for event at 00:04:00,13 in track 1 ignored.
Event group for event at 00:04:00,13 in track 1 ignored.
Event(00:04:00,13, track 1) is looped due to a duration change. Please fix this otherwise import in FCP X will be faulty.
Transition effect for event at 00:04:00,13 in track 1 ignored.
Loop switch for event at 00:04:01,29 in track 1 ignored.
Event group for event at 00:04:01,29 in track 1 ignored.
Event(00:04:01,29, track 1) is looped due to a duration change. Please fix this otherwise import in FCP X will be faulty.
Transition effect for event at 00:04:01,29 in track 1 ignored.
Loop switch for event at 00:04:02,49 in track 1 ignored.
Event group for event at 00:04:02,49 in track 1 ignored.
Event(00:04:02,49, track 1) is looped due to a duration change. Please fix this otherwise import in FCP X will be faulty.
Transition effect for event at 00:04:02,49 in track 1 ignored.
Loop switch for event at 00:04:04,02 in track 1 ignored.
Event group for event at 00:04:04,02 in track 1 ignored.
Event(00:04:04,02, track 1) is looped due to a duration change. Please fix this otherwise import in FCP X will be faulty.
Transition effect for event at 00:04:04,02 in track 1 ignored.
Loop switch for event at 00:04:05,14 in track 1 ignored.
Event group for event at 00:04:05,14 in track 1 ignored.
Event(00:04:05,14, track 1) is looped due to a duration change. Please fix this otherwise import in FCP X will be faulty.
Transition effect for event at 00:04:05,14 in track 1 ignored.
Loop switch for event at 00:04:06,29 in track 1 ignored.
Event group for event at 00:04:06,29 in track 1 ignored.
Event(00:04:06,29, track 1) is looped due to a duration change. Please fix this otherwise import in FCP X will be faulty.
Transition effect for event at 00:04:06,29 in track 1 ignored.
Loop switch for event at 00:04:07,32 in track 1 ignored.
Event group for event at 00:04:07,32 in track 1 ignored.
Event(00:04:07,32, track 1) is looped due to a duration change. Please fix this otherwise import in FCP X will be faulty.
Transition effect for event at 00:04:07,32 in track 1 ignored.
Loop switch for event at 00:04:08,43 in track 1 ignored.
Event group for event at 00:04:08,43 in track 1 ignored.
Event(00:04:08,43, track 1) is looped due to a duration change. Please fix this otherwise import in FCP X will be faulty.
Transition effect for event at 00:04:08,43 in track 1 ignored.
Loop switch for event at 00:04:09,58 in track 1 ignored.
Event group for event at 00:04:09,58 in track 1 ignored.
Event(00:04:09,58, track 1) is looped due to a duration change. Please fix this otherwise import in FCP X will be faulty.
Transition effect for event at 00:04:09,58 in track 1 ignored.
Loop switch for event at 00:04:11,12 in track 1 ignored.
Event group for event at 00:04:11,12 in track 1 ignored.
Event(00:04:11,12, track 1) is looped due to a duration change. Please fix this otherwise import in FCP X will be faulty.
Transition effect for event at 00:04:11,12 in track 1 ignored.
Loop switch for event at 00:04:12,28 in track 1 ignored.
Event group for event at 00:04:12,28 in track 1 ignored.
Event(00:04:12,28, track 1) is looped due to a duration change. Please fix this otherwise import in FCP X will be faulty.
Transition effect for event at 00:04:12,28 in track 1 ignored.
Loop switch for event at 00:04:13,47 in track 1 ignored.
Event group for event at 00:04:13,47 in track 1 ignored.
Event(00:04:13,47, track 1) is looped due to a duration change. Please fix this otherwise import in FCP X will be faulty.
Transition effect for event at 00:04:13,47 in track 1 ignored.
Loop switch for event at 00:04:15,12 in track 1 ignored.
Event group for event at 00:04:15,12 in track 1 ignored.
Event(00:04:15,12, track 1) is looped due to a duration change. Please fix this otherwise import in FCP X will be faulty.
Transition effect for event at 00:04:15,12 in track 1 ignored.
Loop switch for event at 00:04:16,44 in track 1 ignored.
Event group for event at 00:04:16,44 in track 1 ignored.
Event(00:04:16,44, track 1) is looped due to a duration change. Please fix this otherwise import in FCP X will be faulty.
Transition effect for event at 00:04:16,44 in track 1 ignored.
Loop switch for event at 00:04:18,11 in track 1 ignored.
Event group for event at 00:04:18,11 in track 1 ignored.
Event(00:04:18,11, track 1) is looped due to a duration change. Please fix this otherwise import in FCP X will be faulty.
Transition effect for event at 00:04:18,11 in track 1 ignored.
Loop switch for event at 00:04:19,33 in track 1 ignored.
Event group for event at 00:04:19,33 in track 1 ignored.
Event(00:04:19,33, track 1) is looped due to a duration change. Please fix this otherwise import in FCP X will be faulty.
Transition effect for event at 00:04:19,33 in track 1 ignored.
Loop switch for event at 00:04:20,55 in track 1 ignored.
Event group for event at 00:04:20,55 in track 1 ignored.
Event(00:04:20,55, track 1) is looped due to a duration change. Please fix this otherwise import in FCP X will be faulty.
Transition effect for event at 00:04:20,55 in track 1 ignored.
Loop switch for event at 00:04:22,14 in track 1 ignored.
Event group for event at 00:04:22,14 in track 1 ignored.
Event(00:04:22,14, track 1) is looped due to a duration change. Please fix this otherwise import in FCP X will be faulty.
Transition effect for event at 00:04:22,14 in track 1 ignored.
Loop switch for event at 00:04:23,38 in track 1 ignored.
Event group for event at 00:04:23,38 in track 1 ignored.
Event(00:04:23,38, track 1) is looped due to a duration change. Please fix this otherwise import in FCP X will be faulty.
Transition effect for event at 00:04:23,38 in track 1 ignored.
Loop switch for event at 00:04:25,00 in track 1 ignored.
Event group for event at 00:04:25,00 in track 1 ignored.
Event(00:04:25,00, track 1) is looped due to a duration change. Please fix this otherwise import in FCP X will be faulty.
Transition effect for event at 00:04:25,00 in track 1 ignored.
Loop switch for event at 00:04:26,17 in track 1 ignored.
Event group for event at 00:04:26,17 in track 1 ignored.
Event(00:04:26,17, track 1) is looped due to a duration change. Please fix this otherwise import in FCP X will be faulty.
Transition effect for event at 00:04:26,17 in track 1 ignored.
Loop switch for event at 00:04:27,38 in track 1 ignored.
Event group for event at 00:04:27,38 in track 1 ignored.
Event(00:04:27,38, track 1) is looped due to a duration change. Please fix this otherwise import in FCP X will be faulty.
Transition effect for event at 00:04:27,38 in track 1 ignored.
Loop switch for event at 00:04:28,59 in track 1 ignored.
Event group for event at 00:04:28,59 in track 1 ignored.
Event(00:04:28,59, track 1) is looped due to a duration change. Please fix this otherwise import in FCP X will be faulty.
Transition effect for event at 00:04:28,59 in track 1 ignored.
Loop switch for event at 00:04:30,19 in track 1 ignored.
Event group for event at 00:04:30,19 in track 1 ignored.
Event(00:04:30,19, track 1) is looped due to a duration change. Please fix this otherwise import in FCP X will be faulty.
Transition effect for event at 00:04:30,19 in track 1 ignored.
Loop switch for event at 00:04:31,42 in track 1 ignored.
Event group for event at 00:04:31,42 in track 1 ignored.
Event(00:04:31,42, track 1) is looped due to a duration change. Please fix this otherwise import in FCP X will be faulty.
Transition effect for event at 00:04:31,42 in track 1 ignored.
Loop switch for event at 00:04:32,56 in track 1 ignored.
Event group for event at 00:04:32,56 in track 1 ignored.
Event(00:04:32,56, track 1) is looped due to a duration change. Please fix this otherwise import in FCP X will be faulty.
Transition effect for event at 00:04:32,56 in track 1 ignored.
Loop switch for event at 00:04:34,14 in track 1 ignored.
Event group for event at 00:04:34,14 in track 1 ignored.
Event(00:04:34,14, track 1) is looped due to a duration change. Please fix this otherwise import in FCP X will be faulty.
Transition effect for event at 00:04:34,14 in track 1 ignored.
Loop switch for event at 00:04:35,27 in track 1 ignored.
Event group for event at 00:04:35,27 in track 1 ignored.
Event(00:04:35,27, track 1) is looped due to a duration change. Please fix this otherwise import in FCP X will be faulty.
Transition effect for event at 00:04:35,27 in track 1 ignored.
Loop switch for event at 00:04:36,44 in track 1 ignored.
Event group for event at 00:04:36,44 in track 1 ignored.
Event(00:04:36,44, track 1) is looped due to a duration change. Please fix this otherwise import in FCP X will be faulty.
Transition effect for event at 00:04:36,44 in track 1 ignored.
Loop switch for event at 00:04:37,59 in track 1 ignored.
Event group for event at 00:04:37,59 in track 1 ignored.
Event(00:04:37,59, track 1) is looped due to a duration change. Please fix this otherwise import in FCP X will be faulty.
Transition effect for event at 00:04:37,59 in track 1 ignored.
Loop switch for event at 00:04:39,13 in track 1 ignored.
Event group for event at 00:04:39,13 in track 1 ignored.
Event(00:04:39,13, track 1) is looped due to a duration change. Please fix this otherwise import in FCP X will be faulty.
Transition effect for event at 00:04:39,13 in track 1 ignored.
Loop switch for event at 00:04:40,27 in track 1 ignored.
Event group for event at 00:04:40,27 in track 1 ignored.
Event(00:04:40,27, track 1) is looped due to a duration change. Please fix this otherwise import in FCP X will be faulty.
Transition effect for event at 00:04:40,27 in track 1 ignored.
Loop switch for event at 00:04:41,44 in track 1 ignored.
Event group for event at 00:04:41,44 in track 1 ignored.
Event(00:04:41,44, track 1) is looped due to a duration change. Please fix this otherwise import in FCP X will be faulty.
Transition effect for event at 00:04:41,44 in track 1 ignored.
Loop switch for event at 00:04:43,06 in track 1 ignored.
Event group for event at 00:04:43,06 in track 1 ignored.
Event(00:04:43,06, track 1) is looped due to a duration change. Please fix this otherwise import in FCP X will be faulty.
Transition effect for event at 00:04:43,06 in track 1 ignored.
Loop switch for event at 00:04:44,20 in track 1 ignored.
Event group for event at 00:04:44,20 in track 1 ignored.
Event(00:04:44,20, track 1) is looped due to a duration change. Please fix this otherwise import in FCP X will be faulty.
Transition effect for event at 00:04:44,20 in track 1 ignored.
Loop switch for event at 00:04:45,46 in track 1 ignored.
Event group for event at 00:04:45,46 in track 1 ignored.
Event(00:04:45,46, track 1) is looped due to a duration change. Please fix this otherwise import in FCP X will be faulty.
Transition effect for event at 00:04:45,46 in track 1 ignored.
Loop switch for event at 00:04:47,02 in track 1 ignored.
Event group for event at 00:04:47,02 in track 1 ignored.
Event(00:04:47,02, track 1) is looped due to a duration change. Please fix this otherwise import in FCP X will be faulty.
Transition effect for event at 00:04:47,02 in track 1 ignored.
Loop switch for event at 00:04:48,17 in track 1 ignored.
Event group for event at 00:04:48,17 in track 1 ignored.
Event(00:04:48,17, track 1) is looped due to a duration change. Please fix this otherwise import in FCP X will be faulty.
Transition effect for event at 00:04:48,17 in track 1 ignored.
Loop switch for event at 00:04:49,46 in track 1 ignored.
Event group for event at 00:04:49,46 in track 1 ignored.
Event(00:04:49,46, track 1) is looped due to a duration change. Please fix this otherwise import in FCP X will be faulty.
Transition effect for event at 00:04:49,46 in track 1 ignored.
Loop switch for event at 00:04:50,57 in track 1 ignored.
Event group for event at 00:04:50,57 in track 1 ignored.
Event(00:04:50,57, track 1) is looped due to a duration change. Please fix this otherwise import in FCP X will be faulty.
Transition effect for event at 00:04:50,57 in track 1 ignored.
Loop switch for event at 00:04:52,10 in track 1 ignored.
Event group for event at 00:04:52,10 in track 1 ignored.
Event(00:04:52,10, track 1) is looped due to a duration change. Please fix this otherwise import in FCP X will be faulty.
Transition effect for event at 00:04:52,10 in track 1 ignored.
Loop switch for event at 00:04:53,13 in track 1 ignored.
Event group for event at 00:04:53,13 in track 1 ignored.
Event(00:04:53,13, track 1) is looped due to a duration change. Please fix this otherwise import in FCP X will be faulty.
Transition effect for event at 00:04:53,13 in track 1 ignored.
Loop switch for event at 00:04:54,04 in track 1 ignored.
Event group for event at 00:04:54,04 in track 1 ignored.
Event(00:04:54,04, track 1) is looped due to a duration change. Please fix this otherwise import in FCP X will be faulty.
Transition effect for event at 00:04:54,04 in track 1 ignored.
Loop switch for event at 00:04:54,49 in track 1 ignored.
Event group for event at 00:04:54,49 in track 1 ignored.
Event(00:04:54,49, track 1) is looped due to a duration change. Please fix this otherwise import in FCP X will be faulty.
Transition effect for event at 00:04:54,49 in track 1 ignored.
Loop switch for event at 00:04:55,30 in track 1 ignored.
Event group for event at 00:04:55,30 in track 1 ignored.
Event(00:04:55,30, track 1) is looped due to a duration change. Please fix this otherwise import in FCP X will be faulty.
Transition effect for event at 00:04:55,30 in track 1 ignored.
Loop switch for event at 00:04:56,16 in track 1 ignored.
Event group for event at 00:04:56,16 in track 1 ignored.
Event(00:04:56,16, track 1) is looped due to a duration change. Please fix this otherwise import in FCP X will be faulty.
Transition effect for event at 00:04:56,16 in track 1 ignored.
Loop switch for event at 00:04:56,55 in track 1 ignored.
Event group for event at 00:04:56,55 in track 1 ignored.
Event(00:04:56,55, track 1) is looped due to a duration change. Please fix this otherwise import in FCP X will be faulty.
Transition effect for event at 00:04:56,55 in track 1 ignored.
Loop switch for event at 00:04:57,31 in track 1 ignored.
Event group for event at 00:04:57,31 in track 1 ignored.
Event(00:04:57,31, track 1) is looped due to a duration change. Please fix this otherwise import in FCP X will be faulty.
Transition effect for event at 00:04:57,31 in track 1 ignored.
Loop switch for event at 00:04:58,08 in track 1 ignored.
Event group for event at 00:04:58,08 in track 1 ignored.
Event(00:04:58,08, track 1) is looped due to a duration change. Please fix this otherwise import in FCP X will be faulty.
Transition effect for event at 00:04:58,08 in track 1 ignored.
Loop switch for event at 00:04:58,45 in track 1 ignored.
Event group for event at 00:04:58,45 in track 1 ignored.
Event(00:04:58,45, track 1) is looped due to a duration change. Please fix this otherwise import in FCP X will be faulty.
Transition effect for event at 00:04:58,45 in track 1 ignored.
Loop switch for event at 00:04:59,24 in track 1 ignored.
Event group for event at 00:04:59,24 in track 1 ignored.
Event(00:04:59,24, track 1) is looped due to a duration change. Please fix this otherwise import in FCP X will be faulty.
Transition effect for event at 00:04:59,24 in track 1 ignored.
Loop switch for event at 00:05:00,08 in track 1 ignored.
Event group for event at 00:05:00,08 in track 1 ignored.
Event(00:05:00,08, track 1) is looped due to a duration change. Please fix this otherwise import in FCP X will be faulty.
Transition effect for event at 00:05:00,08 in track 1 ignored.
Loop switch for event at 00:05:00,42 in track 1 ignored.
Event group for event at 00:05:00,42 in track 1 ignored.
Event(00:05:00,42, track 1) is looped due to a duration change. Please fix this otherwise import in FCP X will be faulty.
Transition effect for event at 00:05:00,42 in track 1 ignored.
Loop switch for event at 00:05:01,16 in track 1 ignored.
Event group for event at 00:05:01,16 in track 1 ignored.
Event(00:05:01,16, track 1) is looped due to a duration change. Please fix this otherwise import in FCP X will be faulty.
Transition effect for event at 00:05:01,16 in track 1 ignored.
Loop switch for event at 00:05:01,55 in track 1 ignored.
Event group for event at 00:05:01,55 in track 1 ignored.
Event(00:05:01,55, track 1) is looped due to a duration change. Please fix this otherwise import in FCP X will be faulty.
Transition effect for event at 00:05:01,55 in track 1 ignored.
Loop switch for event at 00:05:02,32 in track 1 ignored.
Event group for event at 00:05:02,32 in track 1 ignored.
Event(00:05:02,32, track 1) is looped due to a duration change. Please fix this otherwise import in FCP X will be faulty.
Transition effect for event at 00:05:02,32 in track 1 ignored.
Loop switch for event at 00:05:03,18 in track 1 ignored.
Event group for event at 00:05:03,18 in track 1 ignored.
Event(00:05:03,18, track 1) is looped due to a duration change. Please fix this otherwise import in FCP X will be faulty.
Transition effect for event at 00:05:03,18 in track 1 ignored.
Loop switch for event at 00:05:04,12 in track 1 ignored.
Event group for event at 00:05:04,12 in track 1 ignored.
Event(00:05:04,12, track 1) is looped due to a duration change. Please fix this otherwise import in FCP X will be faulty.
Transition effect for event at 00:05:04,12 in track 1 ignored.
Loop switch for event at 00:05:05,11 in track 1 ignored.
Event group for event at 00:05:05,11 in track 1 ignored.
Event(00:05:05,11, track 1) is looped due to a duration change. Please fix this otherwise import in FCP X will be faulty.
Transition effect for event at 00:05:05,11 in track 1 ignored.
Loop switch for event at 00:05:06,03 in track 1 ignored.
Event group for event at 00:05:06,03 in track 1 ignored.
Event(00:05:06,03, track 1) is looped due to a duration change. Please fix this otherwise import in FCP X will be faulty.
Transition effect for event at 00:05:06,03 in track 1 ignored.
Loop switch for event at 00:05:07,04 in track 1 ignored.
Event group for event at 00:05:07,04 in track 1 ignored.
Event(00:05:07,04, track 1) is looped due to a duration change. Please fix this otherwise import in FCP X will be faulty.
Transition effect for event at 00:05:07,04 in track 1 ignored.
Loop switch for event at 00:05:07,49 in track 1 ignored.
Event group for event at 00:05:07,49 in track 1 ignored.
Event(00:05:07,49, track 1) is looped due to a duration change. Please fix this otherwise import in FCP X will be faulty.
Transition effect for event at 00:05:07,49 in track 1 ignored.
Loop switch for event at 00:05:08,38 in track 1 ignored.
Event group for event at 00:05:08,38 in track 1 ignored.
Event(00:05:08,38, track 1) is looped due to a duration change. Please fix this otherwise import in FCP X will be faulty.
Transition effect for event at 00:05:08,38 in track 1 ignored.
Loop switch for event at 00:05:09,27 in track 1 ignored.
Event group for event at 00:05:09,27 in track 1 ignored.
Event(00:05:09,27, track 1) is looped due to a duration change. Please fix this otherwise import in FCP X will be faulty.
Transition effect for event at 00:05:09,27 in track 1 ignored.
Loop switch for event at 00:05:10,14 in track 1 ignored.
Event group for event at 00:05:10,14 in track 1 ignored.
Event(00:05:10,14, track 1) is looped due to a duration change. Please fix this otherwise import in FCP X will be faulty.
Transition effect for event at 00:05:10,14 in track 1 ignored.
Loop switch for event at 00:05:10,59 in track 1 ignored.
Event group for event at 00:05:10,59 in track 1 ignored.
Event(00:05:10,59, track 1) is looped due to a duration change. Please fix this otherwise import in FCP X will be faulty.
Transition effect for event at 00:05:10,59 in track 1 ignored.
Loop switch for event at 00:05:11,43 in track 1 ignored.
Event group for event at 00:05:11,43 in track 1 ignored.
Event(00:05:11,43, track 1) is looped due to a duration change. Please fix this otherwise import in FCP X will be faulty.
Transition effect for event at 00:05:11,43 in track 1 ignored.
Loop switch for event at 00:05:12,28 in track 1 ignored.
Event group for event at 00:05:12,28 in track 1 ignored.
Event(00:05:12,28, track 1) is looped due to a duration change. Please fix this otherwise import in FCP X will be faulty.
Transition effect for event at 00:05:12,28 in track 1 ignored.
Loop switch for event at 00:05:13,13 in track 1 ignored.
Event group for event at 00:05:13,13 in track 1 ignored.
Event(00:05:13,13, track 1) is looped due to a duration change. Please fix this otherwise import in FCP X will be faulty.
Transition effect for event at 00:05:13,13 in track 1 ignored.
Loop switch for event at 00:05:13,59 in track 1 ignored.
Event group for event at 00:05:13,59 in track 1 ignored.
Event(00:05:13,59, track 1) is looped due to a duration change. Please fix this otherwise import in FCP X will be faulty.
Transition effect for event at 00:05:13,59 in track 1 ignored.
Loop switch for event at 00:05:14,42 in track 1 ignored.
Event group for event at 00:05:14,42 in track 1 ignored.
Event(00:05:14,42, track 1) is looped due to a duration change. Please fix this otherwise import in FCP X will be faulty.
Transition effect for event at 00:05:14,42 in track 1 ignored.
Loop switch for event at 00:05:15,23 in track 1 ignored.
Event group for event at 00:05:15,23 in track 1 ignored.
Event(00:05:15,23, track 1) is looped due to a duration change. Please fix this otherwise import in FCP X will be faulty.
Transition effect for event at 00:05:15,23 in track 1 ignored.
Loop switch for event at 00:05:16,05 in track 1 ignored.
Event group for event at 00:05:16,05 in track 1 ignored.
Event(00:05:16,05, track 1) is looped due to a duration change. Please fix this otherwise import in FCP X will be faulty.
Transition effect for event at 00:05:16,05 in track 1 ignored.
Loop switch for event at 00:05:16,45 in track 1 ignored.
Event group for event at 00:05:16,45 in track 1 ignored.
Event(00:05:16,45, track 1) is looped due to a duration change. Please fix this otherwise import in FCP X will be faulty.
Transition effect for event at 00:05:16,45 in track 1 ignored.
Loop switch for event at 00:05:17,28 in track 1 ignored.
Event group for event at 00:05:17,28 in track 1 ignored.
Event(00:05:17,28, track 1) is looped due to a duration change. Please fix this otherwise import in FCP X will be faulty.
Transition effect for event at 00:05:17,28 in track 1 ignored.
Loop switch for event at 00:05:18,10 in track 1 ignored.
Event group for event at 00:05:18,10 in track 1 ignored.
Event(00:05:18,10, track 1) is looped due to a duration change. Please fix this otherwise import in FCP X will be faulty.
Transition effect for event at 00:05:18,10 in track 1 ignored.
Loop switch for event at 00:05:18,51 in track 1 ignored.
Event group for event at 00:05:18,51 in track 1 ignored.
Event(00:05:18,51, track 1) is looped due to a duration change. Please fix this otherwise import in FCP X will be faulty.
Transition effect for event at 00:05:18,51 in track 1 ignored.
Loop switch for event at 00:05:19,35 in track 1 ignored.
Event group for event at 00:05:19,35 in track 1 ignored.
Event(00:05:19,35, track 1) is looped due to a duration change. Please fix this otherwise import in FCP X will be faulty.
Transition effect for event at 00:05:19,35 in track 1 ignored.
Loop switch for event at 00:05:20,19 in track 1 ignored.
Event group for event at 00:05:20,19 in track 1 ignored.
Event(00:05:20,19, track 1) is looped due to a duration change. Please fix this otherwise import in FCP X will be faulty.
Transition effect for event at 00:05:20,19 in track 1 ignored.
Loop switch for event at 00:05:20,58 in track 1 ignored.
Event group for event at 00:05:20,58 in track 1 ignored.
Event(00:05:20,58, track 1) is looped due to a duration change. Please fix this otherwise import in FCP X will be faulty.
Transition effect for event at 00:05:20,58 in track 1 ignored.
Loop switch for event at 00:05:21,34 in track 1 ignored.
Event group for event at 00:05:21,34 in track 1 ignored.
Event(00:05:21,34, track 1) is looped due to a duration change. Please fix this otherwise import in FCP X will be faulty.
Transition effect for event at 00:05:21,34 in track 1 ignored.
Loop switch for event at 00:05:22,08 in track 1 ignored.
Event group for event at 00:05:22,08 in track 1 ignored.
Event(00:05:22,08, track 1) is looped due to a duration change. Please fix this otherwise import in FCP X will be faulty.
Transition effect for event at 00:05:22,08 in track 1 ignored.
Loop switch for event at 00:05:22,42 in track 1 ignored.
Event group for event at 00:05:22,42 in track 1 ignored.
Event(00:05:22,42, track 1) is looped due to a duration change. Please fix this otherwise import in FCP X will be faulty.
Transition effect for event at 00:05:22,42 in track 1 ignored.
Loop switch for event at 00:05:23,20 in track 1 ignored.
Event group for event at 00:05:23,20 in track 1 ignored.
Event(00:05:23,20, track 1) is looped due to a duration change. Please fix this otherwise import in FCP X will be faulty.
Transition effect for event at 00:05:23,20 in track 1 ignored.
Loop switch for event at 00:05:24,00 in track 1 ignored.
Event group for event at 00:05:24,00 in track 1 ignored.
Event(00:05:24,00, track 1) is looped due to a duration change. Please fix this otherwise import in FCP X will be faulty.
Transition effect for event at 00:05:24,00 in track 1 ignored.
Loop switch for event at 00:05:24,35 in track 1 ignored.
Event group for event at 00:05:24,35 in track 1 ignored.
Event(00:05:24,35, track 1) is looped due to a duration change. Please fix this otherwise import in FCP X will be faulty.
Transition effect for event at 00:05:24,35 in track 1 ignored.
Loop switch for event at 00:05:25,09 in track 1 ignored.
Event group for event at 00:05:25,09 in track 1 ignored.
Event(00:05:25,09, track 1) is looped due to a duration change. Please fix this otherwise import in FCP X will be faulty.
Transition effect for event at 00:05:25,09 in track 1 ignored.
Loop switch for event at 00:05:25,44 in track 1 ignored.
Event group for event at 00:05:25,44 in track 1 ignored.
Event(00:05:25,44, track 1) is looped due to a duration change. Please fix this otherwise import in FCP X will be faulty.
Transition effect for event at 00:05:25,44 in track 1 ignored.
Loop switch for event at 00:05:26,16 in track 1 ignored.
Event group for event at 00:05:26,16 in track 1 ignored.
Event(00:05:26,16, track 1) is looped due to a duration change. Please fix this otherwise import in FCP X will be faulty.
Transition effect for event at 00:05:26,16 in track 1 ignored.
Loop switch for event at 00:05:26,50 in track 1 ignored.
Event group for event at 00:05:26,50 in track 1 ignored.
Event(00:05:26,50, track 1) is looped due to a duration change. Please fix this otherwise import in FCP X will be faulty.
Transition effect for event at 00:05:26,50 in track 1 ignored.
Loop switch for event at 00:05:27,23 in track 1 ignored.
Event group for event at 00:05:27,23 in track 1 ignored.
Event(00:05:27,23, track 1) is looped due to a duration change. Please fix this otherwise import in FCP X will be faulty.
Transition effect for event at 00:05:27,23 in track 1 ignored.
Loop switch for event at 00:05:28,02 in track 1 ignored.
Event group for event at 00:05:28,02 in track 1 ignored.
Event(00:05:28,02, track 1) is looped due to a duration change. Please fix this otherwise import in FCP X will be faulty.
Transition effect for event at 00:05:28,02 in track 1 ignored.
Loop switch for event at 00:05:28,41 in track 1 ignored.
Event group for event at 00:05:28,41 in track 1 ignored.
Event(00:05:28,41, track 1) is looped due to a duration change. Please fix this otherwise import in FCP X will be faulty.
Transition effect for event at 00:05:28,41 in track 1 ignored.
Loop switch for event at 00:05:29,21 in track 1 ignored.
Event group for event at 00:05:29,21 in track 1 ignored.
Event(00:05:29,21, track 1) is looped due to a duration change. Please fix this otherwise import in FCP X will be faulty.
Transition effect for event at 00:05:29,21 in track 1 ignored.
Loop switch for event at 00:05:30,00 in track 1 ignored.
Event group for event at 00:05:30,00 in track 1 ignored.
Event(00:05:30,00, track 1) is looped due to a duration change. Please fix this otherwise import in FCP X will be faulty.
Transition effect for event at 00:05:30,00 in track 1 ignored.
Loop switch for event at 00:05:30,44 in track 1 ignored.
Event group for event at 00:05:30,44 in track 1 ignored.
Event(00:05:30,44, track 1) is looped due to a duration change. Please fix this otherwise import in FCP X will be faulty.
Transition effect for event at 00:05:30,44 in track 1 ignored.
Loop switch for event at 00:05:31,31 in track 1 ignored.
Event group for event at 00:05:31,31 in track 1 ignored.
Event(00:05:31,31, track 1) is looped due to a duration change. Please fix this otherwise import in FCP X will be faulty.
Transition effect for event at 00:05:31,31 in track 1 ignored.
Loop switch for event at 00:05:32,15 in track 1 ignored.
Event group for event at 00:05:32,15 in track 1 ignored.
Event(00:05:32,15, track 1) is looped due to a duration change. Please fix this otherwise import in FCP X will be faulty.
Transition effect for event at 00:05:32,15 in track 1 ignored.
Loop switch for event at 00:05:32,59 in track 1 ignored.
Event group for event at 00:05:32,59 in track 1 ignored.
Event(00:05:32,59, track 1) is looped due to a duration change. Please fix this otherwise import in FCP X will be faulty.
Transition effect for event at 00:05:32,59 in track 1 ignored.
Loop switch for event at 00:05:33,40 in track 1 ignored.
Event group for event at 00:05:33,40 in track 1 ignored.
Event(00:05:33,40, track 1) is looped due to a duration change. Please fix this otherwise import in FCP X will be faulty.
Transition effect for event at 00:05:33,40 in track 1 ignored.
Loop switch for event at 00:05:34,22 in track 1 ignored.
Event group for event at 00:05:34,22 in track 1 ignored.
Event(00:05:34,22, track 1) is looped due to a duration change. Please fix this otherwise import in FCP X will be faulty.
Transition effect for event at 00:05:34,22 in track 1 ignored.
Loop switch for event at 00:05:35,02 in track 1 ignored.
Event group for event at 00:05:35,02 in track 1 ignored.
Event(00:05:35,02, track 1) is looped due to a duration change. Please fix this otherwise import in FCP X will be faulty.
Transition effect for event at 00:05:35,02 in track 1 ignored.
Loop switch for event at 00:05:35,43 in track 1 ignored.
Event group for event at 00:05:35,43 in track 1 ignored.
Event(00:05:35,43, track 1) is looped due to a duration change. Please fix this otherwise import in FCP X will be faulty.
Transition effect for event at 00:05:35,43 in track 1 ignored.
Loop switch for event at 00:05:36,22 in track 1 ignored.
Event group for event at 00:05:36,22 in track 1 ignored.
Event(00:05:36,22, track 1) is looped due to a duration change. Please fix this otherwise import in FCP X will be faulty.
Transition effect for event at 00:05:36,22 in track 1 ignored.
Loop switch for event at 00:05:37,10 in track 1 ignored.
Event group for event at 00:05:37,10 in track 1 ignored.
Event(00:05:37,10, track 1) is looped due to a duration change. Please fix this otherwise import in FCP X will be faulty.
Transition effect for event at 00:05:37,10 in track 1 ignored.
Loop switch for event at 00:05:37,55 in track 1 ignored.
Event group for event at 00:05:37,55 in track 1 ignored.
Event(00:05:37,55, track 1) is looped due to a duration change. Please fix this otherwise import in FCP X will be faulty.
Transition effect for event at 00:05:37,55 in track 1 ignored.
Loop switch for event at 00:05:38,37 in track 1 ignored.
Event group for event at 00:05:38,37 in track 1 ignored.
Event(00:05:38,37, track 1) is looped due to a duration change. Please fix this otherwise import in FCP X will be faulty.
Transition effect for event at 00:05:38,37 in track 1 ignored.
Loop switch for event at 00:05:39,19 in track 1 ignored.
Event group for event at 00:05:39,19 in track 1 ignored.
Event(00:05:39,19, track 1) is looped due to a duration change. Please fix this otherwise import in FCP X will be faulty.
Transition effect for event at 00:05:39,19 in track 1 ignored.
Loop switch for event at 00:05:39,58 in track 1 ignored.
Event group for event at 00:05:39,58 in track 1 ignored.
Event(00:05:39,58, track 1) is looped due to a duration change. Please fix this otherwise import in FCP X will be faulty.
Transition effect for event at 00:05:39,58 in track 1 ignored.
Loop switch for event at 00:05:40,40 in track 1 ignored.
Event group for event at 00:05:40,40 in track 1 ignored.
Event(00:05:40,40, track 1) is looped due to a duration change. Please fix this otherwise import in FCP X will be faulty.
Transition effect for event at 00:05:40,40 in track 1 ignored.
Loop switch for event at 00:05:41,15 in track 1 ignored.
Event group for event at 00:05:41,15 in track 1 ignored.
Event(00:05:41,15, track 1) is looped due to a duration change. Please fix this otherwise import in FCP X will be faulty.
Transition effect for event at 00:05:41,15 in track 1 ignored.
Loop switch for event at 00:05:41,57 in track 1 ignored.
Event group for event at 00:05:41,57 in track 1 ignored.
Event(00:05:41,57, track 1) is looped due to a duration change. Please fix this otherwise import in FCP X will be faulty.
Transition effect for event at 00:05:41,57 in track 1 ignored.
Loop switch for event at 00:05:42,36 in track 1 ignored.
Event group for event at 00:05:42,36 in track 1 ignored.
Event(00:05:42,36, track 1) is looped due to a duration change. Please fix this otherwise import in FCP X will be faulty.
Transition effect for event at 00:05:42,36 in track 1 ignored.
Loop switch for event at 00:05:43,09 in track 1 ignored.
Event group for event at 00:05:43,09 in track 1 ignored.
Event(00:05:43,09, track 1) is looped due to a duration change. Please fix this otherwise import in FCP X will be faulty.
Transition effect for event at 00:05:43,09 in track 1 ignored.
Loop switch for event at 00:05:43,45 in track 1 ignored.
Event group for event at 00:05:43,45 in track 1 ignored.
Event(00:05:43,45, track 1) is looped due to a duration change. Please fix this otherwise import in FCP X will be faulty.
Transition effect for event at 00:05:43,45 in track 1 ignored.
Loop switch for event at 00:05:44,23 in track 1 ignored.
Event group for event at 00:05:44,23 in track 1 ignored.
Event(00:05:44,23, track 1) is looped due to a duration change. Please fix this otherwise import in FCP X will be faulty.
Transition effect for event at 00:05:44,23 in track 1 ignored.
Loop switch for event at 00:05:45,05 in track 1 ignored.
Event group for event at 00:05:45,05 in track 1 ignored.
Event(00:05:45,05, track 1) is looped due to a duration change. Please fix this otherwise import in FCP X will be faulty.
Transition effect for event at 00:05:45,05 in track 1 ignored.
Loop switch for event at 00:05:45,42 in track 1 ignored.
Event group for event at 00:05:45,42 in track 1 ignored.
Event(00:05:45,42, track 1) is looped due to a duration change. Please fix this otherwise import in FCP X will be faulty.
Transition effect for event at 00:05:45,42 in track 1 ignored.
Loop switch for event at 00:05:46,18 in track 1 ignored.
Event group for event at 00:05:46,18 in track 1 ignored.
Event(00:05:46,18, track 1) is looped due to a duration change. Please fix this otherwise import in FCP X will be faulty.
Transition effect for event at 00:05:46,18 in track 1 ignored.
Loop switch for event at 00:05:46,59 in track 1 ignored.
Event group for event at 00:05:46,59 in track 1 ignored.
Event(00:05:46,59, track 1) is looped due to a duration change. Please fix this otherwise import in FCP X will be faulty.
Transition effect for event at 00:05:46,59 in track 1 ignored.
Loop switch for event at 00:05:47,39 in track 1 ignored.
Event group for event at 00:05:47,39 in track 1 ignored.
Event(00:05:47,39, track 1) is looped due to a duration change. Please fix this otherwise import in FCP X will be faulty.
Transition effect for event at 00:05:47,39 in track 1 ignored.
Loop switch for event at 00:05:48,22 in track 1 ignored.
Event group for event at 00:05:48,22 in track 1 ignored.
Event(00:05:48,22, track 1) is looped due to a duration change. Please fix this otherwise import in FCP X will be faulty.
Transition effect for event at 00:05:48,22 in track 1 ignored.
Loop switch for event at 00:05:49,09 in track 1 ignored.
Event group for event at 00:05:49,09 in track 1 ignored.
Event(00:05:49,09, track 1) is looped due to a duration change. Please fix this otherwise import in FCP X will be faulty.
Transition effect for event at 00:05:49,09 in track 1 ignored.
Loop switch for event at 00:05:49,59 in track 1 ignored.
Event group for event at 00:05:49,59 in track 1 ignored.
Event(00:05:49,59, track 1) is looped due to a duration change. Please fix this otherwise import in FCP X will be faulty.
Transition effect for event at 00:05:49,59 in track 1 ignored.
Loop switch for event at 00:05:50,39 in track 1 ignored.
Event group for event at 00:05:50,39 in track 1 ignored.
Event(00:05:50,39, track 1) is looped due to a duration change. Please fix this otherwise import in FCP X will be faulty.
Transition effect for event at 00:05:50,39 in track 1 ignored.
Loop switch for event at 00:05:51,17 in track 1 ignored.
Event group for event at 00:05:51,17 in track 1 ignored.
Event(00:05:51,17, track 1) is looped due to a duration change. Please fix this otherwise import in FCP X will be faulty.
Transition effect for event at 00:05:51,17 in track 1 ignored.
Loop switch for event at 00:05:51,57 in track 1 ignored.
Event group for event at 00:05:51,57 in track 1 ignored.
Event(00:05:51,57, track 1) is looped due to a duration change. Please fix this otherwise import in FCP X will be faulty.
Transition effect for event at 00:05:51,57 in track 1 ignored.
Loop switch for event at 00:05:52,43 in track 1 ignored.
Event group for event at 00:05:52,43 in track 1 ignored.
Event(00:05:52,43, track 1) is looped due to a duration change. Please fix this otherwise import in FCP X will be faulty.
Transition effect for event at 00:05:52,43 in track 1 ignored.
Loop switch for event at 00:05:53,28 in track 1 ignored.
Event group for event at 00:05:53,28 in track 1 ignored.
Event(00:05:53,28, track 1) is looped due to a duration change. Please fix this otherwise import in FCP X will be faulty.
Transition effect for event at 00:05:53,28 in track 1 ignored.
Loop switch for event at 00:05:54,09 in track 1 ignored.
Event group for event at 00:05:54,09 in track 1 ignored.
Event(00:05:54,09, track 1) is looped due to a duration change. Please fix this otherwise import in FCP X will be faulty.
Transition effect for event at 00:05:54,09 in track 1 ignored.
Loop switch for event at 00:05:54,45 in track 1 ignored.
Event group for event at 00:05:54,45 in track 1 ignored.
Event(00:05:54,45, track 1) is looped due to a duration change. Please fix this otherwise import in FCP X will be faulty.
Transition effect for event at 00:05:54,45 in track 1 ignored.
Loop switch for event at 00:05:55,19 in track 1 ignored.
Event group for event at 00:05:55,19 in track 1 ignored.
Event(00:05:55,19, track 1) is looped due to a duration change. Please fix this otherwise import in FCP X will be faulty.
Transition effect for event at 00:05:55,19 in track 1 ignored.
Loop switch for event at 00:05:55,57 in track 1 ignored.
Event group for event at 00:05:55,57 in track 1 ignored.
Event(00:05:55,57, track 1) is looped due to a duration change. Please fix this otherwise import in FCP X will be faulty.
Transition effect for event at 00:05:55,57 in track 1 ignored.
Loop switch for event at 00:05:56,41 in track 1 ignored.
Event group for event at 00:05:56,41 in track 1 ignored.
Event(00:05:56,41, track 1) is looped due to a duration change. Please fix this otherwise import in FCP X will be faulty.
Transition effect for event at 00:05:56,41 in track 1 ignored.
Loop switch for event at 00:05:57,24 in track 1 ignored.
Event group for event at 00:05:57,24 in track 1 ignored.
Event(00:05:57,24, track 1) is looped due to a duration change. Please fix this otherwise import in FCP X will be faulty.
Transition effect for event at 00:05:57,24 in track 1 ignored.
Loop switch for event at 00:05:58,09 in track 1 ignored.
Event group for event at 00:05:58,09 in track 1 ignored.
Event(00:05:58,09, track 1) is looped due to a duration change. Please fix this otherwise import in FCP X will be faulty.
Transition effect for event at 00:05:58,09 in track 1 ignored.
Loop switch for event at 00:05:58,58 in track 1 ignored.
Event group for event at 00:05:58,58 in track 1 ignored.
Event(00:05:58,58, track 1) is looped due to a duration change. Please fix this otherwise import in FCP X will be faulty.
Transition effect for event at 00:05:58,58 in track 1 ignored.
Loop switch for event at 00:05:59,35 in track 1 ignored.
Event group for event at 00:05:59,35 in track 1 ignored.
Event(00:05:59,35, track 1) is looped due to a duration change. Please fix this otherwise import in FCP X will be faulty.
Transition effect for event at 00:05:59,35 in track 1 ignored.
Loop switch for event at 00:06:00,14 in track 1 ignored.
Event group for event at 00:06:00,14 in track 1 ignored.
Event(00:06:00,14, track 1) is looped due to a duration change. Please fix this otherwise import in FCP X will be faulty.
Transition effect for event at 00:06:00,14 in track 1 ignored.
Loop switch for event at 00:06:00,56 in track 1 ignored.
Event group for event at 00:06:00,56 in track 1 ignored.
Event(00:06:00,56, track 1) is looped due to a duration change. Please fix this otherwise import in FCP X will be faulty.
Transition effect for event at 00:06:00,56 in track 1 ignored.
Loop switch for event at 00:06:01,45 in track 1 ignored.
Event group for event at 00:06:01,45 in track 1 ignored.
Event(00:06:01,45, track 1) is looped due to a duration change. Please fix this otherwise import in FCP X will be faulty.
Transition effect for event at 00:06:01,45 in track 1 ignored.
Loop switch for event at 00:06:02,29 in track 1 ignored.
Event group for event at 00:06:02,29 in track 1 ignored.
Event(00:06:02,29, track 1) is looped due to a duration change. Please fix this otherwise import in FCP X will be faulty.
Transition effect for event at 00:06:02,29 in track 1 ignored.
Loop switch for event at 00:06:03,17 in track 1 ignored.
Event group for event at 00:06:03,17 in track 1 ignored.
Event(00:06:03,17, track 1) is looped due to a duration change. Please fix this otherwise import in FCP X will be faulty.
Transition effect for event at 00:06:03,17 in track 1 ignored.
Loop switch for event at 00:06:04,03 in track 1 ignored.
Event group for event at 00:06:04,03 in track 1 ignored.
Event(00:06:04,03, track 1) is looped due to a duration change. Please fix this otherwise import in FCP X will be faulty.
Transition effect for event at 00:06:04,03 in track 1 ignored.
Loop switch for event at 00:06:04,48 in track 1 ignored.
Event group for event at 00:06:04,48 in track 1 ignored.
Event(00:06:04,48, track 1) is looped due to a duration change. Please fix this otherwise import in FCP X will be faulty.
Transition effect for event at 00:06:04,48 in track 1 ignored.
Loop switch for event at 00:06:05,34 in track 1 ignored.
Event group for event at 00:06:05,34 in track 1 ignored.
Event(00:06:05,34, track 1) is looped due to a duration change. Please fix this otherwise import in FCP X will be faulty.
Transition effect for event at 00:06:05,34 in track 1 ignored.
Loop switch for event at 00:06:06,14 in track 1 ignored.
Event group for event at 00:06:06,14 in track 1 ignored.
Event(00:06:06,14, track 1) is looped due to a duration change. Please fix this otherwise import in FCP X will be faulty.
Transition effect for event at 00:06:06,14 in track 1 ignored.
Loop switch for event at 00:06:06,53 in track 1 ignored.
Event group for event at 00:06:06,53 in track 1 ignored.
Event(00:06:06,53, track 1) is looped due to a duration change. Please fix this otherwise import in FCP X will be faulty.
Transition effect for event at 00:06:06,53 in track 1 ignored.
Loop switch for event at 00:06:07,37 in track 1 ignored.
Event group for event at 00:06:07,37 in track 1 ignored.
Event(00:06:07,37, track 1) is looped due to a duration change. Please fix this otherwise import in FCP X will be faulty.
Transition effect for event at 00:06:07,37 in track 1 ignored.
Loop switch for event at 00:06:08,20 in track 1 ignored.
Event group for event at 00:06:08,20 in track 1 ignored.
Event(00:06:08,20, track 1) is looped due to a duration change. Please fix this otherwise import in FCP X will be faulty.
Transition effect for event at 00:06:08,20 in track 1 ignored.
Loop switch for event at 00:06:09,05 in track 1 ignored.
Event group for event at 00:06:09,05 in track 1 ignored.
Event(00:06:09,05, track 1) is looped due to a duration change. Please fix this otherwise import in FCP X will be faulty.
Transition effect for event at 00:06:09,05 in track 1 ignored.
Loop switch for event at 00:06:09,54 in track 1 ignored.
Event group for event at 00:06:09,54 in track 1 ignored.
Event(00:06:09,54, track 1) is looped due to a duration change. Please fix this otherwise import in FCP X will be faulty.
Transition effect for event at 00:06:09,54 in track 1 ignored.
Loop switch for event at 00:06:10,47 in track 1 ignored.
Event group for event at 00:06:10,47 in track 1 ignored.
Event(00:06:10,47, track 1) is looped due to a duration change. Please fix this otherwise import in FCP X will be faulty.
Transition effect for event at 00:06:10,47 in track 1 ignored.
Loop switch for event at 00:06:11,47 in track 1 ignored.
Event group for event at 00:06:11,47 in track 1 ignored.
Event(00:06:11,47, track 1) is looped due to a duration change. Please fix this otherwise import in FCP X will be faulty.
Transition effect for event at 00:06:11,47 in track 1 ignored.
Loop switch for event at 00:06:12,38 in track 1 ignored.
Event group for event at 00:06:12,38 in track 1 ignored.
Event(00:06:12,38, track 1) is looped due to a duration change. Please fix this otherwise import in FCP X will be faulty.
Transition effect for event at 00:06:12,38 in track 1 ignored.
Loop switch for event at 00:06:13,25 in track 1 ignored.
Event group for event at 00:06:13,25 in track 1 ignored.
Event(00:06:13,25, track 1) is looped due to a duration change. Please fix this otherwise import in FCP X will be faulty.
Transition effect for event at 00:06:13,25 in track 1 ignored.
Loop switch for event at 00:06:14,16 in track 1 ignored.
Event group for event at 00:06:14,16 in track 1 ignored.
Event(00:06:14,16, track 1) is looped due to a duration change. Please fix this otherwise import in FCP X will be faulty.
Transition effect for event at 00:06:14,16 in track 1 ignored.
Loop switch for event at 00:06:15,11 in track 1 ignored.
Event group for event at 00:06:15,11 in track 1 ignored.
Event(00:06:15,11, track 1) is looped due to a duration change. Please fix this otherwise import in FCP X will be faulty.
Transition effect for event at 00:06:15,11 in track 1 ignored.
Loop switch for event at 00:06:16,06 in track 1 ignored.
Event group for event at 00:06:16,06 in track 1 ignored.
Event(00:06:16,06, track 1) is looped due to a duration change. Please fix this otherwise import in FCP X will be faulty.
Transition effect for event at 00:06:16,06 in track 1 ignored.
Loop switch for event at 00:06:16,53 in track 1 ignored.
Event group for event at 00:06:16,53 in track 1 ignored.
Event(00:06:16,53, track 1) is looped due to a duration change. Please fix this otherwise import in FCP X will be faulty.
Transition effect for event at 00:06:16,53 in track 1 ignored.
Loop switch for event at 00:06:17,54 in track 1 ignored.
Event group for event at 00:06:17,54 in track 1 ignored.
Event(00:06:17,54, track 1) is looped due to a duration change. Please fix this otherwise import in FCP X will be faulty.
Transition effect for event at 00:06:17,54 in track 1 ignored.
Loop switch for event at 00:06:18,55 in track 1 ignored.
Event group for event at 00:06:18,55 in track 1 ignored.
Event(00:06:18,55, track 1) is looped due to a duration change. Please fix this otherwise import in FCP X will be faulty.
Transition effect for event at 00:06:18,55 in track 1 ignored.
Loop switch for event at 00:06:19,43 in track 1 ignored.
Event group for event at 00:06:19,43 in track 1 ignored.
Event(00:06:19,43, track 1) is looped due to a duration change. Please fix this otherwise import in FCP X will be faulty.
Transition effect for event at 00:06:19,43 in track 1 ignored.
Loop switch for event at 00:06:20,29 in track 1 ignored.
Event group for event at 00:06:20,29 in track 1 ignored.
Event(00:06:20,29, track 1) is looped due to a duration change. Please fix this otherwise import in FCP X will be faulty.
Transition effect for event at 00:06:20,29 in track 1 ignored.
Loop switch for event at 00:06:21,16 in track 1 ignored.
Event group for event at 00:06:21,16 in track 1 ignored.
Event(00:06:21,16, track 1) is looped due to a duration change. Please fix this otherwise import in FCP X will be faulty.
Transition effect for event at 00:06:21,16 in track 1 ignored.
Loop switch for event at 00:06:22,02 in track 1 ignored.
Event group for event at 00:06:22,02 in track 1 ignored.
Event(00:06:22,02, track 1) is looped due to a duration change. Please fix this otherwise import in FCP X will be faulty.
Transition effect for event at 00:06:22,02 in track 1 ignored.
Loop switch for event at 00:06:22,53 in track 1 ignored.
Event group for event at 00:06:22,53 in track 1 ignored.
Event(00:06:22,53, track 1) is looped due to a duration change. Please fix this otherwise import in FCP X will be faulty.
Transition effect for event at 00:06:22,53 in track 1 ignored.
Loop switch for event at 00:06:23,42 in track 1 ignored.
Event group for event at 00:06:23,42 in track 1 ignored.
Event(00:06:23,42, track 1) is looped due to a duration change. Please fix this otherwise import in FCP X will be faulty.
Transition effect for event at 00:06:23,42 in track 1 ignored.
Loop switch for event at 00:06:24,28 in track 1 ignored.
Event group for event at 00:06:24,28 in track 1 ignored.
Event(00:06:24,28, track 1) is looped due to a duration change. Please fix this otherwise import in FCP X will be faulty.
Transition effect for event at 00:06:24,28 in track 1 ignored.
Loop switch for event at 00:06:25,19 in track 1 ignored.
Event group for event at 00:06:25,19 in track 1 ignored.
Event(00:06:25,19, track 1) is looped due to a duration change. Please fix this otherwise import in FCP X will be faulty.
Transition effect for event at 00:06:25,19 in track 1 ignored.
Loop switch for event at 00:06:26,05 in track 1 ignored.
Event group for event at 00:06:26,05 in track 1 ignored.
Event(00:06:26,05, track 1) is looped due to a duration change. Please fix this otherwise import in FCP X will be faulty.
Transition effect for event at 00:06:26,05 in track 1 ignored.
Loop switch for event at 00:06:26,50 in track 1 ignored.
Event group for event at 00:06:26,50 in track 1 ignored.
Event(00:06:26,50, track 1) is looped due to a duration change. Please fix this otherwise import in FCP X will be faulty.
Transition effect for event at 00:06:26,50 in track 1 ignored.
Loop switch for event at 00:06:27,30 in track 1 ignored.
Event group for event at 00:06:27,30 in track 1 ignored.
Event(00:06:27,30, track 1) is looped due to a duration change. Please fix this otherwise import in FCP X will be faulty.
Transition effect for event at 00:06:27,30 in track 1 ignored.
Loop switch for event at 00:06:28,10 in track 1 ignored.
Event group for event at 00:06:28,10 in track 1 ignored.
Event(00:06:28,10, track 1) is looped due to a duration change. Please fix this otherwise import in FCP X will be faulty.
Transition effect for event at 00:06:28,10 in track 1 ignored.
Loop switch for event at 00:06:28,50 in track 1 ignored.
Event group for event at 00:06:28,50 in track 1 ignored.
Event(00:06:28,50, track 1) is looped due to a duration change. Please fix this otherwise import in FCP X will be faulty.
Transition effect for event at 00:06:28,50 in track 1 ignored.
Loop switch for event at 00:06:29,31 in track 1 ignored.
Event group for event at 00:06:29,31 in track 1 ignored.
Event(00:06:29,31, track 1) is looped due to a duration change. Please fix this otherwise import in FCP X will be faulty.
Transition effect for event at 00:06:29,31 in track 1 ignored.
Loop switch for event at 00:06:30,08 in track 1 ignored.
Event group for event at 00:06:30,08 in track 1 ignored.
Event(00:06:30,08, track 1) is looped due to a duration change. Please fix this otherwise import in FCP X will be faulty.
Transition effect for event at 00:06:30,08 in track 1 ignored.
Loop switch for event at 00:06:30,55 in track 1 ignored.
Event group for event at 00:06:30,55 in track 1 ignored.
Event(00:06:30,55, track 1) is looped due to a duration change. Please fix this otherwise import in FCP X will be faulty.
Transition effect for event at 00:06:30,55 in track 1 ignored.
Loop switch for event at 00:06:31,34 in track 1 ignored.
Event group for event at 00:06:31,34 in track 1 ignored.
Event(00:06:31,34, track 1) is looped due to a duration change. Please fix this otherwise import in FCP X will be faulty.
Transition effect for event at 00:06:31,34 in track 1 ignored.
Loop switch for event at 00:06:32,17 in track 1 ignored.
Event group for event at 00:06:32,17 in track 1 ignored.
Event(00:06:32,17, track 1) is looped due to a duration change. Please fix this otherwise import in FCP X will be faulty.
Transition effect for event at 00:06:32,17 in track 1 ignored.
Loop switch for event at 00:06:32,55 in track 1 ignored.
Event group for event at 00:06:32,55 in track 1 ignored.
Event(00:06:32,55, track 1) is looped due to a duration change. Please fix this otherwise import in FCP X will be faulty.
Transition effect for event at 00:06:32,55 in track 1 ignored.
Loop switch for event at 00:06:33,36 in track 1 ignored.
Event group for event at 00:06:33,36 in track 1 ignored.
Event(00:06:33,36, track 1) is looped due to a duration change. Please fix this otherwise import in FCP X will be faulty.
Transition effect for event at 00:06:33,36 in track 1 ignored.
Loop switch for event at 00:06:34,24 in track 1 ignored.
Event group for event at 00:06:34,24 in track 1 ignored.
Event(00:06:34,24, track 1) is looped due to a duration change. Please fix this otherwise import in FCP X will be faulty.
Transition effect for event at 00:06:34,24 in track 1 ignored.
Loop switch for event at 00:06:35,17 in track 1 ignored.
Event group for event at 00:06:35,17 in track 1 ignored.
Event(00:06:35,17, track 1) is looped due to a duration change. Please fix this otherwise import in FCP X will be faulty.
Transition effect for event at 00:06:35,17 in track 1 ignored.
Loop switch for event at 00:06:36,03 in track 1 ignored.
Event group for event at 00:06:36,03 in track 1 ignored.
Event(00:06:36,03, track 1) is looped due to a duration change. Please fix this otherwise import in FCP X will be faulty.
Transition effect for event at 00:06:36,03 in track 1 ignored.
Loop switch for event at 00:06:37,09 in track 1 ignored.
Event group for event at 00:06:37,09 in track 1 ignored.
Event(00:06:37,09, track 1) is looped due to a duration change. Please fix this otherwise import in FCP X will be faulty.
Transition effect for event at 00:06:37,09 in track 1 ignored.
Loop switch for event at 00:06:37,54 in track 1 ignored.
Event group for event at 00:06:37,54 in track 1 ignored.
Event(00:06:37,54, track 1) is looped due to a duration change. Please fix this otherwise import in FCP X will be faulty.
Transition effect for event at 00:06:37,54 in track 1 ignored.
Loop switch for event at 00:06:38,42 in track 1 ignored.
Event group for event at 00:06:38,42 in track 1 ignored.
Event(00:06:38,42, track 1) is looped due to a duration change. Please fix this otherwise import in FCP X will be faulty.
Transition effect for event at 00:06:38,42 in track 1 ignored.
Loop switch for event at 00:06:39,28 in track 1 ignored.
Event group for event at 00:06:39,28 in track 1 ignored.
Event(00:06:39,28, track 1) is looped due to a duration change. Please fix this otherwise import in FCP X will be faulty.
Transition effect for event at 00:06:39,28 in track 1 ignored.
Loop switch for event at 00:06:40,12 in track 1 ignored.
Event group for event at 00:06:40,12 in track 1 ignored.
Event(00:06:40,12, track 1) is looped due to a duration change. Please fix this otherwise import in FCP X will be faulty.
Transition effect for event at 00:06:40,12 in track 1 ignored.
Loop switch for event at 00:06:40,59 in track 1 ignored.
Event group for event at 00:06:40,59 in track 1 ignored.
Event(00:06:40,59, track 1) is looped due to a duration change. Please fix this otherwise import in FCP X will be faulty.
Transition effect for event at 00:06:40,59 in track 1 ignored.
Loop switch for event at 00:06:41,44 in track 1 ignored.
Event group for event at 00:06:41,44 in track 1 ignored.
Event(00:06:41,44, track 1) is looped due to a duration change. Please fix this otherwise import in FCP X will be faulty.
Transition effect for event at 00:06:41,44 in track 1 ignored.
Loop switch for event at 00:06:42,24 in track 1 ignored.
Event group for event at 00:06:42,24 in track 1 ignored.
Event(00:06:42,24, track 1) is looped due to a duration change. Please fix this otherwise import in FCP X will be faulty.
Transition effect for event at 00:06:42,24 in track 1 ignored.
Marker "3D Blinds" at 00:00:01,20 ignored.
Marker "3D Cascade" at 00:00:14,07 ignored.
Marker "3D Fly/Out" at 00:00:21,04 ignored.
Marker "3D Shuffle" at 00:00:28,12 ignored.
Marker "Barn Door" at 00:00:33,01 ignored.
Marker "Clock Wipe" at 00:00:58,40 ignored.
Marker "Cross Effect" at 00:01:17,22 ignored.
Marker "Dissolve" at 00:01:52,56 ignored.
Marker "Flash" at 00:02:28,26 ignored.
Marker "GL Transition" at 00:02:33,28 ignored.
Marker "Gradient Wipe" at 00:03:54,02 ignored.
Marker "Iris" at 00:04:30,19 ignored.
Marker "Linear Wipe" at 00:04:49,46 ignored.
Marker "Page Loop" at 00:05:00,08 ignored.
Marker "Page Peel" at 00:05:07,04 ignored.
Marker "Page Roll" at 00:05:13,59 ignored.
Marker "Portals" at 00:05:20,19 ignored.
Marker "Push" at 00:05:23,20 ignored.
Marker "Slide" at 00:05:31,31 ignored.
Marker "Spiral" at 00:05:39,19 ignored.
Marker "Split" at 00:05:46,18 ignored.
Marker "Squeeze" at 00:05:52,43 ignored.
Marker "Star Wipe" at 00:06:03,17 ignored.
Marker "Swap" at 00:06:18,55 ignored.
Marker "Venetian Blinds" at 00:06:26,05 ignored.
Marker "Warp Flow" at 00:06:30,08 ignored.
Marker "Zoom" at 00:06:30,55 ignored.
Saved project D:\Devs\C++\OpenVegas\SAMPLES\veg_project\project_transitions_othersmores.veg
	to D:\Devs\C++\OpenVegas\SAMPLES\veg_project\final-cut-pro-x\project_transitions_othersmores.fcpxml
Archiving complete.
